"ID","CODIGO DE LA ENTIDAD","CODIGO UBIGEO INEI","CODIGO PAIS ","NOMBRE DE LA UO","Fecha","CO (ug/m3)","H2S (ug/m3)","NO2 (ug/m3)","O3 (ug/m3)","PM10 
(ug/m3)","PM2.5 
(ug/m3)","SO2 (ug/m3)","Ruido (dB)","UV","Humedad (%)","Latitud","Longitud","Presion 
(Pa)","Temperatura (C)"
"1","10069","150122","PE","Subgerencia de Desarrollo Ambiental","2/1/2021 0:00","175.58","0.35","23.64","0.00","1.70","1.13","0.00","87.80","0.00","86.41","-12.07274","-77.08269","1000.12","20.72"
"2","10069","150122","PE","Subgerencia de Desarrollo Ambiental","2/1/2021 1:00","155.95","0.78","23.11","0.00","2.00","1.22","0.00","84.06","0.00","86.08","-12.07274","-77.08269","999.42","20.78"
"3","10069","150122","PE","Subgerencia de Desarrollo Ambiental","2/1/2021 2:00","104.55","0.09","23.19","0.00","1.64","1.05","0.00","98.83","0.00","87.62","-12.07274","-77.08269","999.13","20.21"
"4","10069","150122","PE","Subgerencia de Desarrollo Ambiental","2/1/2021 3:00","65.98","0.02","23.15","0.00","1.62","1.00","0.00","76.20","0.00","87.90","-12.07274","-77.08269","998.59","20.09"
"5","10069","150122","PE","Subgerencia de Desarrollo Ambiental","2/1/2021 4:00","59.78","0.09","23.45","0.00","1.75","1.04","0.00","84.42","0.00","88.68","-12.07274","-77.08269","998.77","20.03"
"6","10069","150122","PE","Subgerencia de Desarrollo Ambiental","2/1/2021 5:00","73.51","0.18","23.74","0.00","1.77","1.06","0.00","90.81","0.00","88.58","-12.07274","-77.08269","999.17","20.22"
"7","10069","150122","PE","Subgerencia de Desarrollo Ambiental","2/1/2021 6:00","172.57","2.42","24.70","0.00","2.14","1.25","0.00","94.49","0.00","89.82","-12.07274","-77.08269","1000.03","20.12"
"8","10069","150122","PE","Subgerencia de Desarrollo Ambiental","2/1/2021 7:00","744.81","21.48","26.71","0.15","2.42","1.49","0.00","105.57","0.11","89.56","-12.07274","-77.08269","1000.71","20.22"
"9","10069","150122","PE","Subgerencia de Desarrollo Ambiental","2/1/2021 8:00","1337.83","39.77","25.34","0.50","2.10","1.38","0.00","109.96","0.28","86.14","-12.07274","-77.08269","1001.40","21.16"
"10","10069","150122","PE","Subgerencia de Desarrollo Ambiental","2/1/2021 9:00","1135.85","34.26","22.58","0.61","1.75","1.21","0.00","111.64","0.42","83.21","-12.07274","-77.08269","1001.46","21.61"
"11","10069","150122","PE","Subgerencia de Desarrollo Ambiental","2/1/2021 10:00","1153.41","34.08","19.56","0.00","1.58","1.09","0.00","110.75","0.52","77.27","-12.07274","-77.08269","1001.71","23.23"
"12","10069","150122","PE","Subgerencia de Desarrollo Ambiental","2/1/2021 11:00","705.31","17.14","16.93","0.53","1.31","0.93","0.00","114.45","0.64","80.50","-12.07274","-77.08269","1001.40","22.22"
"13","10069","150122","PE","Subgerencia de Desarrollo Ambiental","2/1/2021 12:00","727.24","14.94","20.59","0.07","1.10","0.77","0.00","115.41","0.85","80.12","-12.07274","-77.08269","1001.00","22.29"
"14","10069","150122","PE","Subgerencia de Desarrollo Ambiental","2/1/2021 13:00","855.04","17.91","17.44","1.13","0.77","0.61","0.00","116.82","2.55","79.95","-12.07274","-77.08269","1000.54","22.49"
"15","10069","150122","PE","Subgerencia de Desarrollo Ambiental","2/1/2021 14:00","730.90","12.37","14.60","14.94","0.72","0.58","0.00","114.91","2.46","82.02","-12.07274","-77.08269","1000.17","22.28"
"16","10069","150122","PE","Subgerencia de Desarrollo Ambiental","2/1/2021 15:00","841.83","10.12","20.40","7.66","0.89","0.64","0.00","112.58","2.89","81.59","-12.07274","-77.08269","999.34","22.20"
"17","10069","150122","PE","Subgerencia de Desarrollo Ambiental","2/1/2021 16:00","697.99","21.21","15.22","12.21","0.93","0.67","0.00","115.00","2.12","81.28","-12.07274","-77.08269","998.40","22.26"
"18","10069","150122","PE","Subgerencia de Desarrollo Ambiental","2/1/2021 17:00","948.42","8.27","27.03","13.42","1.22","0.85","0.00","113.38","0.97","86.46","-12.07274","-77.08269","998.72","21.13"
"19","10069","150122","PE","Subgerencia de Desarrollo Ambiental","2/1/2021 18:00","1083.86","21.51","26.26","0.92","1.45","0.96","0.00","110.26","0.45","85.12","-12.07274","-77.08269","999.00","21.45"
"20","10069","150122","PE","Subgerencia de Desarrollo Ambiental","2/1/2021 19:00","1086.88","19.90","28.28","1.38","1.60","1.00","0.00","108.60","0.10","87.22","-12.07274","-77.08269","999.48","21.07"
"21","10069","150122","PE","Subgerencia de Desarrollo Ambiental","2/1/2021 20:00","706.88","11.28","27.40","0.07","1.45","0.84","0.00","105.94","0.00","88.19","-12.07274","-77.08269","999.99","20.96"
"22","10069","150122","PE","Subgerencia de Desarrollo Ambiental","2/1/2021 21:00","539.55","7.39","26.20","0.00","1.26","0.72","0.00","102.07","0.00","90.14","-12.07274","-77.08269","1001.21","20.68"
"23","10069","150122","PE","Subgerencia de Desarrollo Ambiental","2/1/2021 22:00","440.68","4.94","24.54","0.00","1.07","0.66","0.00","99.61","0.00","88.85","-12.07274","-77.08269","1001.65","20.75"
"24","10069","150122","PE","Subgerencia de Desarrollo Ambiental","2/1/2021 23:00","308.29","3.43","23.46","0.00","1.06","0.65","0.00","99.65","0.00","87.09","-12.07274","-77.08269","1001.74","20.85"
"25","10069","150122","PE","Subgerencia de Desarrollo Ambiental","2/2/2021 0:00","246.47","0.46","24.55","0.00","1.05","0.60","0.00","88.20","0.00","91.87","-12.07274","-77.08269","1001.72","20.23"
"26","10069","150122","PE","Subgerencia de Desarrollo Ambiental","2/2/2021 1:00","227.91","1.56","23.59","0.00","1.19","0.66","0.00","77.98","0.00","89.88","-12.07274","-77.08269","1001.12","20.43"
"27","10069","150122","PE","Subgerencia de Desarrollo Ambiental","2/2/2021 2:00","168.17","0.55","23.53","0.00","1.15","0.62","0.00","86.09","0.00","89.50","-12.07274","-77.08269","1000.48","20.39"
"28","10069","150122","PE","Subgerencia de Desarrollo Ambiental","2/2/2021 3:00","181.16","0.35","23.49","0.00","1.00","0.57","0.00","77.24","0.00","88.93","-12.07274","-77.08269","999.71","20.49"
"29","10069","150122","PE","Subgerencia de Desarrollo Ambiental","2/2/2021 4:00","222.42","1.12","23.23","0.00","1.00","0.58","0.00","85.32","0.00","87.73","-12.07274","-77.08269","999.32","20.42"
"30","10069","150122","PE","Subgerencia de Desarrollo Ambiental","2/2/2021 5:00","115.50","0.08","23.50","0.26","1.08","0.60","0.00","84.00","0.00","90.17","-12.07274","-77.08269","999.50","20.03"
"31","10069","150122","PE","Subgerencia de Desarrollo Ambiental","2/2/2021 6:00","144.53","0.78","24.88","0.00","1.16","0.64","0.00","90.90","0.00","91.87","-12.07274","-77.08269","999.96","19.91"
"32","10069","150122","PE","Subgerencia de Desarrollo Ambiental","2/2/2021 7:00","447.76","10.79","26.19","0.00","1.07","0.63","0.00","103.85","0.10","92.03","-12.07274","-77.08269","1000.50","20.12"
"33","10069","150122","PE","Subgerencia de Desarrollo Ambiental","2/2/2021 8:00","1120.60","38.30","24.49","0.05","1.01","0.66","0.00","109.59","0.32","85.04","-12.07274","-77.08269","1001.02","21.76"
"34","10069","150122","PE","Subgerencia de Desarrollo Ambiental","2/2/2021 9:00","852.63","23.58","21.61","0.55","0.94","0.62","0.00","109.18","0.40","85.25","-12.07274","-77.08269","1001.18","21.88"
"35","10069","150122","PE","Subgerencia de Desarrollo Ambiental","2/2/2021 10:00","677.61","15.77","19.71","0.00","0.85","0.58","0.00","111.94","0.47","83.19","-12.07274","-77.08269","1001.19","22.35"
"36","10069","150122","PE","Subgerencia de Desarrollo Ambiental","2/2/2021 11:00","647.45","13.90","18.30","1.61","0.70","0.50","0.00","117.18","0.59","84.12","-12.07274","-77.08269","1001.12","22.22"
"37","10069","150122","PE","Subgerencia de Desarrollo Ambiental","2/2/2021 12:00","776.90","15.24","20.44","0.43","0.72","0.48","0.00","114.89","0.77","83.83","-12.07274","-77.08269","1000.95","22.33"
"38","10069","150122","PE","Subgerencia de Desarrollo Ambiental","2/2/2021 13:00","643.49","10.81","16.62","7.02","0.54","0.40","0.00","119.37","3.05","83.12","-12.07274","-77.08269","1000.42","22.45"
"39","10069","150122","PE","Subgerencia de Desarrollo Ambiental","2/2/2021 14:00","627.58","8.04","16.39","6.84","0.58","0.45","0.00","120.62","5.14","82.18","-12.07274","-77.08269","999.99","22.61"
"40","10069","150122","PE","Subgerencia de Desarrollo Ambiental","2/2/2021 15:00","1019.62","20.43","14.00","7.78","0.70","0.51","0.00","114.12","4.06","78.81","-12.07274","-77.08269","999.21","23.27"
"41","10069","150122","PE","Subgerencia de Desarrollo Ambiental","2/2/2021 16:00","712.12","14.65","12.23","9.54","0.67","0.48","0.00","117.46","4.46","78.99","-12.07274","-77.08269","998.48","23.30"
"42","10069","150122","PE","Subgerencia de Desarrollo Ambiental","2/2/2021 17:00","929.24","17.27","17.56","8.87","0.68","0.51","0.00","116.34","2.89","82.80","-12.07274","-77.08269","998.50","22.61"
"43","10069","150122","PE","Subgerencia de Desarrollo Ambiental","2/2/2021 18:00","1228.72","16.57","27.98","25.84","1.06","0.69","0.00","110.94","0.51","85.51","-12.07274","-77.08269","998.69","22.02"
"44","10069","150122","PE","Subgerencia de Desarrollo Ambiental","2/2/2021 19:00","1262.37","25.74","30.07","10.18","1.24","0.78","0.00","108.00","0.07","83.66","-12.07274","-77.08269","998.81","22.41"
"45","10069","150122","PE","Subgerencia de Desarrollo Ambiental","2/2/2021 20:00","748.05","8.09","29.15","7.62","1.30","0.77","0.00","107.12","0.00","89.15","-12.07274","-77.08269","999.55","21.23"
"46","10069","150122","PE","Subgerencia de Desarrollo Ambiental","2/2/2021 21:00","732.86","12.34","26.55","0.00","1.14","0.68","0.00","101.14","0.00","86.05","-12.07274","-77.08269","1000.46","21.60"
"47","10069","150122","PE","Subgerencia de Desarrollo Ambiental","2/2/2021 22:00","460.66","3.86","25.19","0.21","0.96","0.56","0.00","97.88","0.00","88.82","-12.07274","-77.08269","1001.15","21.20"
"48","10069","150122","PE","Subgerencia de Desarrollo Ambiental","2/2/2021 23:00","352.77","2.38","24.36","0.00","0.81","0.50","0.00","93.71","0.00","87.57","-12.07274","-77.08269","1001.25","21.22"
"49","10069","150122","PE","Subgerencia de Desarrollo Ambiental","2/3/2021 0:00","253.75","0.44","24.27","0.00","0.89","0.49","0.00","97.70","0.00","89.92","-12.07274","-77.08269","1000.98","20.97"
"50","10069","150122","PE","Subgerencia de Desarrollo Ambiental","2/3/2021 1:00","177.95","0.12","24.27","0.01","0.85","0.48","0.00","84.25","0.00","91.56","-12.07274","-77.08269","1000.48","20.73"
"51","10069","150122","PE","Subgerencia de Desarrollo Ambiental","2/3/2021 2:00","152.97","0.14","23.99","0.00","0.86","0.49","0.00","77.74","0.00","92.38","-12.07274","-77.08269","999.68","20.60"
"52","10069","150122","PE","Subgerencia de Desarrollo Ambiental","2/3/2021 3:00","120.52","0.09","23.68","0.00","0.87","0.49","0.00","86.00","0.00","92.69","-12.07274","-77.08269","998.86","20.40"
"53","10069","150122","PE","Subgerencia de Desarrollo Ambiental","2/3/2021 4:00","108.79","0.13","23.82","0.00","0.91","0.53","0.00","79.73","0.00","93.09","-12.07274","-77.08269","998.75","20.21"
"54","10069","150122","PE","Subgerencia de Desarrollo Ambiental","2/3/2021 5:00","114.20","0.66","23.70","0.07","0.93","0.52","0.00","78.02","0.00","93.04","-12.07274","-77.08269","999.03","20.22"
"55","10069","150122","PE","Subgerencia de Desarrollo Ambiental","2/3/2021 6:00","231.91","4.90","24.99","0.29","1.14","0.59","0.00","101.29","0.00","92.22","-12.07274","-77.08269","999.85","20.44"
"56","10069","150122","PE","Subgerencia de Desarrollo Ambiental","2/3/2021 7:00","614.09","18.69","26.19","0.58","1.23","0.70","0.00","106.27","0.10","92.19","-12.07274","-77.08269","1000.86","20.52"
"57","10069","150122","PE","Subgerencia de Desarrollo Ambiental","2/3/2021 8:00","774.63","28.11","23.71","0.66","0.93","0.66","0.00","108.37","0.33","87.55","-12.07274","-77.08269","1001.63","21.47"
"58","10069","150122","PE","Subgerencia de Desarrollo Ambiental","2/3/2021 9:00","643.16","20.22","20.42","0.04","0.78","0.55","0.00","110.12","0.59","87.92","-12.07274","-77.08269","1002.09","21.31"
"59","10069","150122","PE","Subgerencia de Desarrollo Ambiental","2/3/2021 10:00","548.37","12.91","19.37","0.00","0.77","0.53","0.00","112.66","0.62","85.50","-12.07274","-77.08269","1002.10","21.61"
"60","10069","150122","PE","Subgerencia de Desarrollo Ambiental","2/3/2021 11:00","653.13","17.43","16.85","0.00","0.67","0.46","0.00","117.35","0.68","83.06","-12.07274","-77.08269","1001.62","22.58"
"61","10069","150122","PE","Subgerencia de Desarrollo Ambiental","2/3/2021 12:00","781.73","13.05","19.46","1.79","0.58","0.44","0.00","117.24","1.30","85.24","-12.07274","-77.08269","1001.10","22.15"
"62","10069","150122","PE","Subgerencia de Desarrollo Ambiental","2/3/2021 13:00","613.85","12.24","16.36","1.35","0.51","0.42","0.00","119.56","2.31","84.07","-12.07274","-77.08269","1000.68","22.21"
"63","10069","150122","PE","Subgerencia de Desarrollo Ambiental","2/3/2021 14:00","574.82","11.45","15.50","1.20","0.44","0.33","0.00","118.62","2.83","85.65","-12.07274","-77.08269","1000.43","22.07"
"64","10069","150122","PE","Subgerencia de Desarrollo Ambiental","2/3/2021 15:00","860.48","16.63","17.45","2.04","0.51","0.37","0.00","118.18","2.86","85.40","-12.07274","-77.08269","999.93","22.14"
"65","10069","150122","PE","Subgerencia de Desarrollo Ambiental","2/3/2021 16:00","874.34","18.96","19.10","6.09","0.57","0.40","0.00","115.20","1.94","86.48","-12.07274","-77.08269","999.68","21.87"
"66","10069","150122","PE","Subgerencia de Desarrollo Ambiental","2/3/2021 17:00","1027.39","18.20","25.28","0.90","0.68","0.48","0.00","112.15","1.15","87.66","-12.07274","-77.08269","999.55","21.66"
"67","10069","150122","PE","Subgerencia de Desarrollo Ambiental","2/3/2021 18:00","890.75","19.09","23.53","1.64","0.79","0.54","0.00","110.25","0.74","87.58","-12.07274","-77.08269","999.84","21.63"
"68","10069","150122","PE","Subgerencia de Desarrollo Ambiental","2/3/2021 19:00","1239.98","23.21","29.10","2.28","1.15","0.75","0.00","106.20","0.08","89.96","-12.07274","-77.08269","1000.02","21.28"
"69","10069","150122","PE","Subgerencia de Desarrollo Ambiental","2/3/2021 20:00","1426.34","28.31","28.99","0.05","1.46","0.87","0.00","103.70","0.00","86.89","-12.07274","-77.08269","1000.37","21.80"
"70","10069","150122","PE","Subgerencia de Desarrollo Ambiental","2/3/2021 21:00","849.63","16.20","25.49","0.09","1.40","0.81","0.00","104.50","0.00","86.73","-12.07274","-77.08269","1001.17","21.57"
"71","10069","150122","PE","Subgerencia de Desarrollo Ambiental","2/3/2021 22:00","580.88","5.41","24.81","0.00","1.07","0.67","0.00","99.11","0.00","88.10","-12.07274","-77.08269","1001.34","20.92"
"72","10069","150122","PE","Subgerencia de Desarrollo Ambiental","2/3/2021 23:00","523.42","4.61","25.03","0.00","1.06","0.66","0.00","94.79","0.00","89.15","-12.07274","-77.08269","1001.70","20.75"
"73","10069","150122","PE","Subgerencia de Desarrollo Ambiental","2/4/2021 0:00","455.39","3.70","24.72","0.00","1.18","0.71","0.00","90.70","0.00","90.10","-12.07274","-77.08269","1001.73","20.62"
"74","10069","150122","PE","Subgerencia de Desarrollo Ambiental","2/4/2021 1:00","295.14","1.95","24.27","0.00","1.26","0.71","0.00","75.34","0.00","91.13","-12.07274","-77.08269","1001.22","20.68"
"75","10069","150122","PE","Subgerencia de Desarrollo Ambiental","2/4/2021 2:00","226.42","0.47","24.05","0.00","1.58","0.92","0.00","84.88","0.00","93.72","-12.07274","-77.08269","1000.81","20.33"
"76","10069","150122","PE","Subgerencia de Desarrollo Ambiental","2/4/2021 3:00","247.40","1.37","23.40","0.00","1.81","1.13","0.00","85.99","0.00","93.56","-12.07274","-77.08269","1000.68","20.40"
"77","10069","150122","PE","Subgerencia de Desarrollo Ambiental","2/4/2021 4:00","250.12","0.88","24.27","0.00","1.98","1.25","0.00","71.64","0.00","93.30","-12.07274","-77.08269","1000.54","20.41"
"78","10069","150122","PE","Subgerencia de Desarrollo Ambiental","2/4/2021 5:00","211.33","0.82","24.19","0.00","2.16","1.26","0.00","91.37","0.00","93.29","-12.07274","-77.08269","1000.87","20.30"
"79","10069","150122","PE","Subgerencia de Desarrollo Ambiental","2/4/2021 6:00","277.21","3.82","25.79","0.00","2.37","1.35","0.00","94.61","0.00","94.08","-12.07274","-77.08269","1001.43","20.32"
"80","10069","150122","PE","Subgerencia de Desarrollo Ambiental","2/4/2021 7:00","896.70","26.98","27.39","0.90","5.35","4.54","0.00","106.12","0.10","92.67","-12.07274","-77.08269","1002.04","20.57"
"81","10069","150122","PE","Subgerencia de Desarrollo Ambiental","2/4/2021 8:00","1219.06","32.46","25.14","0.05","8.34","7.34","0.00","108.76","0.33","90.70","-12.07274","-77.08269","1002.66","21.07"
"82","10069","150122","PE","Subgerencia de Desarrollo Ambiental","2/4/2021 9:00","1522.97","44.57","22.09","0.00","5.27","4.54","0.00","109.86","0.71","86.78","-12.07274","-77.08269","1003.12","22.02"
"83","10069","150122","PE","Subgerencia de Desarrollo Ambiental","2/4/2021 10:00","1417.46","36.90","20.84","1.32","3.74","3.03","0.00","108.37","0.82","83.37","-12.07274","-77.08269","1003.45","22.78"
"84","10069","150122","PE","Subgerencia de Desarrollo Ambiental","2/4/2021 11:00","1439.32","35.30","18.38","0.09","1.73","1.22","0.00","108.72","1.13","82.53","-12.07274","-77.08269","1003.09","23.10"
"85","10069","150122","PE","Subgerencia de Desarrollo Ambiental","2/4/2021 12:00","1390.07","27.66","19.65","7.51","1.54","1.19","0.00","110.78","1.21","82.99","-12.07274","-77.08269","1002.57","22.81"
"86","10069","150122","PE","Subgerencia de Desarrollo Ambiental","2/4/2021 13:00","1090.39","19.50","17.77","7.32","1.11","0.83","0.00","115.57","2.33","83.39","-12.07274","-77.08269","1001.95","22.80"
"87","10069","150122","PE","Subgerencia de Desarrollo Ambiental","2/4/2021 14:00","777.45","9.12","16.75","3.22","0.80","0.65","0.00","120.08","4.71","86.71","-12.07274","-77.08269","1001.22","22.05"
"88","10069","150122","PE","Subgerencia de Desarrollo Ambiental","2/4/2021 15:00","872.35","16.06","13.71","0.48","0.69","0.56","0.00","116.14","4.37","84.67","-12.07274","-77.08269","1000.63","22.58"
"89","10069","150122","PE","Subgerencia de Desarrollo Ambiental","2/4/2021 16:00","1012.42","18.90","13.77","0.92","0.70","0.53","0.00","114.20","4.01","84.66","-12.07274","-77.08269","1000.05","22.44"
"90","10069","150122","PE","Subgerencia de Desarrollo Ambiental","2/4/2021 17:00","973.20","17.05","17.63","9.91","0.86","0.63","0.00","113.28","2.52","85.27","-12.07274","-77.08269","999.79","22.28"
"91","10069","150122","PE","Subgerencia de Desarrollo Ambiental","2/4/2021 18:00","1507.09","18.66","28.42","30.08","1.29","0.85","0.00","110.07","0.61","84.75","-12.07274","-77.08269","1000.02","22.36"
"92","10069","150122","PE","Subgerencia de Desarrollo Ambiental","2/4/2021 19:00","1155.06","17.18","27.91","7.07","1.16","0.75","0.00","113.83","0.11","82.53","-12.07274","-77.08269","1000.46","22.34"
"93","10069","150122","PE","Subgerencia de Desarrollo Ambiental","2/4/2021 20:00","941.01","10.31","29.00","1.86","1.12","0.74","0.00","109.24","0.00","86.06","-12.07274","-77.08269","1001.06","21.60"
"94","10069","150122","PE","Subgerencia de Desarrollo Ambiental","2/4/2021 21:00","688.60","8.19","27.36","0.09","0.90","0.58","0.00","109.99","0.00","88.46","-12.07274","-77.08269","1001.97","21.16"
"95","10069","150122","PE","Subgerencia de Desarrollo Ambiental","2/4/2021 22:00","524.80","3.83","26.28","0.00","0.74","0.47","0.00","97.53","0.00","90.24","-12.07274","-77.08269","1002.59","20.93"
"96","10069","150122","PE","Subgerencia de Desarrollo Ambiental","2/4/2021 23:00","383.44","1.64","25.63","0.00","0.75","0.47","0.00","109.47","0.00","91.59","-12.07274","-77.08269","1002.80","20.76"
"97","10069","150122","PE","Subgerencia de Desarrollo Ambiental","2/5/2021 0:00","315.96","1.77","24.52","0.00","0.78","0.49","0.00","92.94","0.00","91.51","-12.07274","-77.08269","1002.79","20.82"
"98","10069","150122","PE","Subgerencia de Desarrollo Ambiental","2/5/2021 1:00","288.36","1.59","23.40","0.00","0.82","0.52","0.00","81.92","0.00","90.49","-12.07274","-77.08269","1002.63","20.94"
"99","10069","150122","PE","Subgerencia de Desarrollo Ambiental","2/5/2021 2:00","260.67","1.44","23.28","0.00","0.98","0.58","0.00","78.16","0.00","90.26","-12.07274","-77.08269","1001.83","21.01"
"100","10069","150122","PE","Subgerencia de Desarrollo Ambiental","2/5/2021 3:00","193.02","0.18","23.48","0.00","0.86","0.55","0.00","82.10","0.00","91.77","-12.07274","-77.08269","1001.05","20.72"
"101","10069","150122","PE","Subgerencia de Desarrollo Ambiental","2/5/2021 4:00","169.37","0.50","23.23","0.00","0.95","0.55","0.00","76.04","0.00","91.24","-12.07274","-77.08269","1000.88","20.77"
"102","10069","150122","PE","Subgerencia de Desarrollo Ambiental","2/5/2021 5:00","167.21","0.65","23.09","0.00","1.28","0.66","0.00","75.91","0.00","91.06","-12.07274","-77.08269","1000.95","20.83"
"103","10069","150122","PE","Subgerencia de Desarrollo Ambiental","2/5/2021 6:00","197.77","1.53","24.06","0.00","1.52","0.76","0.00","94.75","0.00","91.89","-12.07274","-77.08269","1001.44","20.77"
"104","10069","150122","PE","Subgerencia de Desarrollo Ambiental","2/5/2021 7:00","524.08","13.24","26.22","0.53","1.24","0.78","0.00","106.61","0.04","94.42","-12.07274","-77.08269","1002.26","20.44"
"105","10069","150122","PE","Subgerencia de Desarrollo Ambiental","2/5/2021 8:00","818.92","25.45","24.82","0.46","1.26","0.80","0.00","108.03","0.31","93.36","-12.07274","-77.08269","1003.01","20.76"
"106","10069","150122","PE","Subgerencia de Desarrollo Ambiental","2/5/2021 9:00","959.65","30.51","20.78","0.00","1.16","0.77","0.00","110.92","0.64","89.69","-12.07274","-77.08269","1003.14","21.56"
"107","10069","150122","PE","Subgerencia de Desarrollo Ambiental","2/5/2021 10:00","750.94","19.03","18.53","0.02","0.90","0.66","0.00","111.81","0.83","87.78","-12.07274","-77.08269","1003.28","21.90"
"108","10069","150122","PE","Subgerencia de Desarrollo Ambiental","2/5/2021 11:00","778.56","17.79","16.67","0.80","0.92","0.70","0.00","116.08","0.88","86.12","-12.07274","-77.08269","1003.05","22.29"
"109","10069","150122","PE","Subgerencia de Desarrollo Ambiental","2/5/2021 12:00","884.05","20.04","17.73","0.83","0.85","0.65","0.00","118.15","1.27","85.67","-12.07274","-77.08269","1002.70","22.36"
"110","10069","150122","PE","Subgerencia de Desarrollo Ambiental","2/5/2021 13:00","978.33","22.81","14.87","4.06","0.67","0.55","0.00","117.32","1.86","85.61","-12.07274","-77.08269","1002.28","22.44"
"111","10069","150122","PE","Subgerencia de Desarrollo Ambiental","2/5/2021 14:00","836.82","9.38","19.43","9.01","0.80","0.65","0.00","115.07","1.98","88.81","-12.07274","-77.08269","1001.61","21.82"
"112","10069","150122","PE","Subgerencia de Desarrollo Ambiental","2/5/2021 15:00","880.88","20.55","16.20","2.21","0.77","0.56","0.00","114.49","2.49","87.49","-12.07274","-77.08269","1001.00","22.04"
"113","10069","150122","PE","Subgerencia de Desarrollo Ambiental","2/5/2021 16:00","1076.76","14.91","23.80","8.70","1.08","0.71","0.00","111.70","0.88","89.32","-12.07274","-77.08269","1000.65","21.70"
"114","10069","150122","PE","Subgerencia de Desarrollo Ambiental","2/5/2021 17:00","1131.43","18.25","27.12","3.70","1.31","0.82","0.00","111.97","0.42","89.30","-12.07274","-77.08269","1000.39","21.71"
"115","10069","150122","PE","Subgerencia de Desarrollo Ambiental","2/5/2021 18:00","1380.86","26.65","28.59","2.79","1.29","0.82","0.00","111.39","0.14","88.45","-12.07274","-77.08269","1000.72","21.68"
"116","10069","150122","PE","Subgerencia de Desarrollo Ambiental","2/5/2021 19:00","1601.38","31.82","27.41","0.09","1.27","0.84","0.00","108.91","0.03","84.81","-12.07274","-77.08269","1000.92","22.05"
"117","10069","150122","PE","Subgerencia de Desarrollo Ambiental","2/5/2021 20:00","984.06","15.95","26.58","0.38","1.19","0.79","0.00","107.53","0.00","85.80","-12.07274","-77.08269","1001.50","21.85"
"118","10069","150122","PE","Subgerencia de Desarrollo Ambiental","2/5/2021 21:00","875.56","9.41","26.41","0.00","1.25","0.82","0.00","105.98","0.00","87.56","-12.07274","-77.08269","1001.99","21.68"
"119","10069","150122","PE","Subgerencia de Desarrollo Ambiental","2/5/2021 22:00","615.70","4.66","24.44","0.00","1.07","0.74","0.00","99.04","0.00","87.80","-12.07274","-77.08269","1002.32","21.66"
"120","10069","150122","PE","Subgerencia de Desarrollo Ambiental","2/5/2021 23:00","402.44","1.13","23.80","0.01","0.97","0.69","0.00","103.54","0.00","89.50","-12.07274","-77.08269","1002.74","21.48"
"121","10069","150122","PE","Subgerencia de Desarrollo Ambiental","2/6/2021 0:00","386.64","2.32","24.00","0.00","0.93","0.65","0.00","105.41","0.00","90.73","-12.07274","-77.08269","1002.63","21.71"
"122","10069","150122","PE","Subgerencia de Desarrollo Ambiental","2/6/2021 1:00","266.03","0.40","23.70","0.00","0.85","0.61","0.00","105.46","0.00","92.29","-12.07274","-77.08269","1002.02","21.60"
"123","10069","150122","PE","Subgerencia de Desarrollo Ambiental","2/6/2021 2:00","293.24","0.31","23.33","0.00","0.92","0.67","0.00","94.14","0.00","92.55","-12.07274","-77.08269","1001.35","21.53"
"124","10069","150122","PE","Subgerencia de Desarrollo Ambiental","2/6/2021 3:00","316.64","2.33","23.25","0.00","1.24","0.77","0.00","86.41","0.00","93.20","-12.07274","-77.08269","1000.75","21.36"
"125","10069","150122","PE","Subgerencia de Desarrollo Ambiental","2/6/2021 4:00","190.37","0.11","23.45","0.00","0.85","0.47","0.00","80.80","0.00","93.99","-12.07274","-77.08269","1000.50","21.18"
"126","10069","150122","PE","Subgerencia de Desarrollo Ambiental","2/6/2021 5:00","184.66","1.14","22.69","0.00","0.63","0.43","0.00","92.34","0.00","92.40","-12.07274","-77.08269","1000.47","21.37"
"127","10069","150122","PE","Subgerencia de Desarrollo Ambiental","2/6/2021 6:00","265.38","2.59","23.18","0.00","0.85","0.57","0.00","96.94","0.00","91.44","-12.07274","-77.08269","1000.96","21.42"
"128","10069","150122","PE","Subgerencia de Desarrollo Ambiental","2/6/2021 7:00","708.53","19.66","25.22","0.52","0.93","0.67","0.00","105.05","0.05","90.12","-12.07274","-77.08269","1001.44","21.67"
"129","10069","150122","PE","Subgerencia de Desarrollo Ambiental","2/6/2021 8:00","828.49","22.29","24.57","0.00","1.10","0.77","0.00","109.21","0.28","88.69","-12.07274","-77.08269","1001.89","22.02"
"130","10069","150122","PE","Subgerencia de Desarrollo Ambiental","2/6/2021 9:00","1173.94","30.01","22.28","0.00","1.83","1.13","0.00","106.65","0.53","87.34","-12.07274","-77.08269","1002.12","22.40"
"131","10069","150122","PE","Subgerencia de Desarrollo Ambiental","2/6/2021 10:00","1221.33","26.96","20.79","0.00","1.85","1.24","0.00","110.92","0.92","87.32","-12.07274","-77.08269","1002.36","22.48"
"132","10069","150122","PE","Subgerencia de Desarrollo Ambiental","2/6/2021 11:00","779.98","14.24","18.29","0.09","0.97","0.69","0.00","114.99","1.30","87.91","-12.07274","-77.08269","1002.27","22.39"
"133","10069","150122","PE","Subgerencia de Desarrollo Ambiental","2/6/2021 12:00","926.48","17.80","18.23","0.80","0.90","0.65","0.00","113.55","1.09","85.80","-12.07274","-77.08269","1001.97","22.86"
"134","10069","150122","PE","Subgerencia de Desarrollo Ambiental","2/6/2021 13:00","791.40","13.04","15.68","3.45","0.66","0.50","0.00","115.01","2.41","83.36","-12.07274","-77.08269","1001.46","23.36"
"135","10069","150122","PE","Subgerencia de Desarrollo Ambiental","2/6/2021 14:00","943.13","16.55","14.18","3.19","0.56","0.45","0.00","116.48","3.89","83.46","-12.07274","-77.08269","1000.82","23.41"
"136","10069","150122","PE","Subgerencia de Desarrollo Ambiental","2/6/2021 15:00","819.07","12.85","15.56","14.42","0.52","0.44","0.00","117.63","2.89","86.01","-12.07274","-77.08269","1000.65","22.78"
"137","10069","150122","PE","Subgerencia de Desarrollo Ambiental","2/6/2021 16:00","932.81","5.69","25.45","56.32","0.83","0.65","0.00","114.35","0.63","90.67","-12.07274","-77.08269","1000.50","21.62"
"138","10069","150122","PE","Subgerencia de Desarrollo Ambiental","2/6/2021 17:00","1289.18","19.57","29.80","25.45","1.00","0.71","0.00","106.34","0.21","89.04","-12.07274","-77.08269","1000.55","21.97"
"139","10069","150122","PE","Subgerencia de Desarrollo Ambiental","2/6/2021 18:00","1340.80","26.12","28.39","2.45","1.31","0.84","0.00","105.43","0.09","83.85","-12.07274","-77.08269","1000.48","22.79"
"140","10069","150122","PE","Subgerencia de Desarrollo Ambiental","2/6/2021 19:00","1092.59","18.20","26.43","0.36","1.04","0.72","0.00","111.15","0.00","83.68","-12.07274","-77.08269","1000.94","22.61"
"141","10069","150122","PE","Subgerencia de Desarrollo Ambiental","2/6/2021 20:00","1176.74","16.53","25.99","0.00","1.23","0.80","0.00","111.25","0.00","82.71","-12.07274","-77.08269","1001.41","22.69"
"142","10069","150122","PE","Subgerencia de Desarrollo Ambiental","2/6/2021 21:00","1441.12","24.23","25.08","0.00","1.52","0.90","0.00","99.33","0.00","78.68","-12.07274","-77.08269","1001.88","23.57"
"143","10069","150122","PE","Subgerencia de Desarrollo Ambiental","2/6/2021 22:00","1341.99","21.32","24.64","0.00","1.74","1.06","0.00","98.64","0.00","79.11","-12.07274","-77.08269","1002.33","23.68"
"144","10069","150122","PE","Subgerencia de Desarrollo Ambiental","2/6/2021 23:00","934.84","10.06","24.82","0.00","1.39","0.85","0.00","93.07","0.00","82.14","-12.07274","-77.08269","1002.37","23.25"
"145","10069","150122","PE","Subgerencia de Desarrollo Ambiental","2/7/2021 0:00","713.45","6.90","23.93","0.00","1.26","0.73","0.00","83.83","0.00","82.44","-12.07274","-77.08269","1001.95","23.07"
"146","10069","150122","PE","Subgerencia de Desarrollo Ambiental","2/7/2021 1:00","647.13","6.61","23.82","0.00","1.32","0.79","0.00","79.29","0.00","82.70","-12.07274","-77.08269","1001.54","23.26"
"147","10069","150122","PE","Subgerencia de Desarrollo Ambiental","2/7/2021 2:00","793.68","8.45","25.08","0.00","1.54","0.90","0.00","79.65","0.00","83.83","-12.07274","-77.08269","1000.91","23.29"
"148","10069","150122","PE","Subgerencia de Desarrollo Ambiental","2/7/2021 4:00","673.74","7.83","23.38","0.00","1.96","1.30","0.00","79.48","0.00","84.22","-12.07274","-77.08269","1000.03","22.86"
"149","10069","150122","PE","Subgerencia de Desarrollo Ambiental","2/7/2021 5:00","807.86","7.41","24.30","0.00","2.25","1.47","0.00","80.53","0.00","84.98","-12.07274","-77.08269","999.94","22.85"
"150","10069","150122","PE","Subgerencia de Desarrollo Ambiental","2/7/2021 6:00","634.63","4.06","24.49","0.00","2.19","1.24","0.00","93.86","0.00","89.39","-12.07274","-77.08269","1000.50","22.13"
"151","10069","150122","PE","Subgerencia de Desarrollo Ambiental","2/7/2021 7:00","826.60","13.01","26.20","0.81","1.89","1.15","0.00","94.42","0.08","89.97","-12.07274","-77.08269","1001.14","22.41"
"152","10069","150122","PE","Subgerencia de Desarrollo Ambiental","2/7/2021 8:00","1163.79","25.59","22.68","0.00","2.11","1.23","0.00","93.55","0.31","85.19","-12.07274","-77.08269","1001.59","23.57"
"153","10069","150122","PE","Subgerencia de Desarrollo Ambiental","2/7/2021 9:00","579.00","6.58","21.14","0.00","1.39","0.85","0.00","96.67","0.64","89.74","-12.07274","-77.08269","1002.03","22.49"
"154","10069","150122","PE","Subgerencia de Desarrollo Ambiental","2/7/2021 10:00","433.15","5.77","17.27","0.01","0.84","0.60","0.00","111.19","0.92","88.12","-12.07274","-77.08269","1002.24","22.84"
"155","10069","150122","PE","Subgerencia de Desarrollo Ambiental","2/7/2021 11:00","369.47","2.84","16.95","1.66","0.45","0.34","0.00","115.55","1.00","87.72","-12.07274","-77.08269","1002.47","22.83"
"156","10069","150122","PE","Subgerencia de Desarrollo Ambiental","2/7/2021 12:00","446.04","2.74","19.89","0.90","0.48","0.37","0.00","113.60","0.85","87.04","-12.07274","-77.08269","1002.38","23.01"
"157","10069","150122","PE","Subgerencia de Desarrollo Ambiental","2/7/2021 13:00","412.02","2.59","16.38","3.92","0.40","0.35","0.00","117.30","2.02","85.93","-12.07274","-77.08269","1002.02","23.49"
"158","10069","150122","PE","Subgerencia de Desarrollo Ambiental","2/7/2021 14:00","450.27","4.98","14.32","16.50","0.37","0.32","0.00","119.25","2.56","86.31","-12.07274","-77.08269","1001.61","23.47"
"159","10069","150122","PE","Subgerencia de Desarrollo Ambiental","2/7/2021 15:00","624.42","5.99","17.17","1.86","0.45","0.35","0.00","114.28","2.08","85.43","-12.07274","-77.08269","1001.05","23.74"
"160","10069","150122","PE","Subgerencia de Desarrollo Ambiental","2/7/2021 16:00","545.25","10.54","11.56","0.00","0.58","0.42","0.00","109.41","2.58","77.25","-12.07274","-77.08269","1000.39","25.44"
"161","10069","150122","PE","Subgerencia de Desarrollo Ambiental","2/7/2021 17:00","725.84","8.10","15.94","3.09","0.70","0.44","0.00","112.56","0.83","73.42","-12.07274","-77.08269","999.85","25.68"
"162","10069","150122","PE","Subgerencia de Desarrollo Ambiental","2/7/2021 18:00","726.05","3.32","25.69","22.41","0.77","0.47","0.00","115.30","0.22","80.90","-12.07274","-77.08269","1000.09","23.82"
"163","10069","150122","PE","Subgerencia de Desarrollo Ambiental","2/7/2021 19:00","682.10","4.42","28.87","21.06","0.81","0.52","0.00","112.69","0.02","86.15","-12.07274","-77.08269","1000.69","22.70"
"164","10069","150122","PE","Subgerencia de Desarrollo Ambiental","2/7/2021 20:00","752.44","9.91","27.37","5.46","0.99","0.65","0.00","111.47","0.00","84.75","-12.07274","-77.08269","1001.41","22.90"
"165","10069","150122","PE","Subgerencia de Desarrollo Ambiental","2/7/2021 21:00","897.44","16.25","26.52","0.12","1.48","0.85","0.00","101.03","0.00","84.19","-12.07274","-77.08269","1002.20","23.16"
"166","10069","150122","PE","Subgerencia de Desarrollo Ambiental","2/7/2021 22:00","705.07","10.18","25.12","0.00","1.11","0.66","0.00","92.59","0.00","83.97","-12.07274","-77.08269","1002.49","23.17"
"167","10069","150122","PE","Subgerencia de Desarrollo Ambiental","2/7/2021 23:00","432.06","2.85","25.25","1.37","1.02","0.62","0.00","102.13","0.00","89.18","-12.07274","-77.08269","1002.53","22.35"
"168","10069","150122","PE","Subgerencia de Desarrollo Ambiental","2/8/2021 0:00","281.15","0.82","25.09","0.05","0.93","0.65","0.00","101.67","0.00","90.56","-12.07274","-77.08269","1002.19","22.07"
"169","10069","150122","PE","Subgerencia de Desarrollo Ambiental","2/8/2021 1:00","303.14","1.65","25.24","0.00","1.54","0.95","0.00","96.19","0.00","90.90","-12.07274","-77.08269","1001.62","22.04"
"170","10069","150122","PE","Subgerencia de Desarrollo Ambiental","2/8/2021 2:00","362.83","2.06","25.03","0.00","1.85","1.21","0.00","87.72","0.00","91.44","-12.07274","-77.08269","1000.78","21.93"
"171","10069","150122","PE","Subgerencia de Desarrollo Ambiental","2/8/2021 3:00","337.69","3.88","24.55","1.80","1.70","1.22","0.00","75.59","0.00","89.89","-12.07274","-77.08269","1000.11","22.12"
"172","10069","150122","PE","Subgerencia de Desarrollo Ambiental","2/8/2021 4:00","348.23","5.22","23.01","0.00","1.56","1.11","0.00","79.20","0.00","87.64","-12.07274","-77.08269","999.87","22.45"
"173","10069","150122","PE","Subgerencia de Desarrollo Ambiental","2/8/2021 5:00","275.19","1.94","23.90","0.00","1.72","1.15","0.00","78.81","0.00","91.55","-12.07274","-77.08269","1000.24","21.64"
"174","10069","150122","PE","Subgerencia de Desarrollo Ambiental","2/8/2021 6:00","411.31","7.31","25.56","0.05","1.08","0.78","0.00","102.22","0.00","94.51","-12.07274","-77.08269","1000.53","21.23"
"175","10069","150122","PE","Subgerencia de Desarrollo Ambiental","2/8/2021 7:00","900.34","25.89","27.02","0.00","1.64","1.04","0.00","106.88","0.06","93.50","-12.07274","-77.08269","1001.39","21.50"
"176","10069","150122","PE","Subgerencia de Desarrollo Ambiental","2/8/2021 8:00","1137.44","32.09","24.80","0.00","1.18","0.76","0.00","107.51","0.35","91.76","-12.07274","-77.08269","1002.23","21.91"
"177","10069","150122","PE","Subgerencia de Desarrollo Ambiental","2/8/2021 9:00","1139.46","32.22","21.84","0.00","1.20","0.76","0.00","107.87","0.63","89.27","-12.07274","-77.08269","1002.52","22.44"
"178","10069","150122","PE","Subgerencia de Desarrollo Ambiental","2/8/2021 10:00","790.50","19.06","19.23","0.00","1.00","0.67","0.00","111.30","0.76","88.48","-12.07274","-77.08269","1002.56","22.64"
"179","10069","150122","PE","Subgerencia de Desarrollo Ambiental","2/8/2021 11:00","632.53","11.91","18.29","0.00","0.85","0.60","0.00","116.65","0.83","87.52","-12.07274","-77.08269","1002.36","23.00"
"180","10069","150122","PE","Subgerencia de Desarrollo Ambiental","2/8/2021 12:00","832.81","19.25","17.89","1.20","0.78","0.59","0.00","119.37","1.37","87.16","-12.07274","-77.08269","1002.15","23.25"
"181","10069","150122","PE","Subgerencia de Desarrollo Ambiental","2/8/2021 13:00","710.50","11.76","17.89","3.08","0.53","0.45","0.00","122.03","2.01","89.19","-12.07274","-77.08269","1001.63","22.82"
"182","10069","150122","PE","Subgerencia de Desarrollo Ambiental","2/8/2021 14:00","545.52","6.11","17.25","1.50","0.48","0.38","0.00","123.29","3.68","87.42","-12.07274","-77.08269","1001.11","23.25"
"183","10069","150122","PE","Subgerencia de Desarrollo Ambiental","2/8/2021 15:00","666.19","13.37","16.30","1.64","0.68","0.47","0.00","121.11","2.85","85.06","-12.07274","-77.08269","1000.67","23.75"
"184","10069","150122","PE","Subgerencia de Desarrollo Ambiental","2/8/2021 16:00","914.02","11.41","21.14","1.63","0.80","0.57","0.00","119.50","1.45","84.00","-12.07274","-77.08269","1000.33","23.85"
"185","10069","150122","PE","Subgerencia de Desarrollo Ambiental","2/8/2021 17:00","989.59","15.04","21.77","0.32","0.77","0.58","0.00","119.07","1.11","82.44","-12.07274","-77.08269","999.80","24.06"
"186","10069","150122","PE","Subgerencia de Desarrollo Ambiental","2/8/2021 18:00","1134.41","19.13","25.58","4.84","0.90","0.65","0.00","117.88","0.51","83.95","-12.07274","-77.08269","999.83","23.60"
"187","10069","150122","PE","Subgerencia de Desarrollo Ambiental","2/8/2021 19:00","979.88","14.30","28.22","3.49","1.14","0.78","0.00","117.08","0.07","86.35","-12.07274","-77.08269","1000.17","23.07"
"188","10069","150122","PE","Subgerencia de Desarrollo Ambiental","2/8/2021 20:00","942.38","12.87","28.65","0.00","1.43","0.98","0.00","113.01","0.00","87.73","-12.07274","-77.08269","1000.72","22.78"
"189","10069","150122","PE","Subgerencia de Desarrollo Ambiental","2/8/2021 21:00","712.20","8.39","27.01","0.00","1.19","0.83","0.00","110.94","0.00","88.45","-12.07274","-77.08269","1001.44","22.61"
"190","10069","150122","PE","Subgerencia de Desarrollo Ambiental","2/8/2021 22:00","514.04","4.43","25.96","0.00","1.09","0.80","0.00","112.16","0.00","90.39","-12.07274","-77.08269","1001.88","22.55"
"191","10069","150122","PE","Subgerencia de Desarrollo Ambiental","2/8/2021 23:00","471.69","3.21","25.21","0.00","1.45","0.98","0.00","103.86","0.00","91.17","-12.07274","-77.08269","1002.03","22.53"
"192","10069","150122","PE","Subgerencia de Desarrollo Ambiental","2/9/2021 0:00","306.64","1.46","24.37","0.00","1.56","1.09","0.00","110.06","0.00","92.13","-12.07274","-77.08269","1001.85","22.33"
"193","10069","150122","PE","Subgerencia de Desarrollo Ambiental","2/9/2021 1:00","260.58","2.59","24.37","0.00","2.40","1.84","0.00","80.78","0.00","92.15","-12.07274","-77.08269","1001.47","22.20"
"194","10069","150122","PE","Subgerencia de Desarrollo Ambiental","2/9/2021 2:00","253.80","1.33","23.48","0.00","1.99","1.52","0.00","82.90","0.00","92.76","-12.07274","-77.08269","1000.77","21.94"
"195","10069","150122","PE","Subgerencia de Desarrollo Ambiental","2/9/2021 3:00","275.26","1.74","23.98","1.01","2.46","2.02","0.00","79.33","0.00","93.01","-12.07274","-77.08269","1000.36","21.82"
"196","10069","150122","PE","Subgerencia de Desarrollo Ambiental","2/9/2021 4:00","203.23","0.80","23.49","0.00","2.15","1.74","0.00","81.59","0.00","93.35","-12.07274","-77.08269","1000.12","21.65"
"197","10069","150122","PE","Subgerencia de Desarrollo Ambiental","2/9/2021 5:00","149.58","0.34","23.40","0.00","1.50","1.09","0.00","79.68","0.00","95.09","-12.07274","-77.08269","1000.20","21.27"
"198","10069","150122","PE","Subgerencia de Desarrollo Ambiental","2/9/2021 6:00","226.94","2.66","24.80","0.00","1.97","1.50","0.00","100.25","0.00","95.50","-12.07274","-77.08269","1000.34","21.20"
"199","10069","150122","PE","Subgerencia de Desarrollo Ambiental","2/9/2021 7:00","559.60","16.25","25.79","0.00","1.98","1.63","0.00","106.55","0.08","94.59","-12.07274","-77.08269","1000.91","21.54"
"200","10069","150122","PE","Subgerencia de Desarrollo Ambiental","2/9/2021 8:00","1350.64","44.85","23.92","0.20","1.95","1.50","0.00","107.53","0.34","89.83","-12.07274","-77.08269","1001.30","22.76"
"201","10069","150122","PE","Subgerencia de Desarrollo Ambiental","2/9/2021 9:00","816.95","23.06","20.12","0.00","1.40","1.03","0.00","110.11","0.48","87.11","-12.07274","-77.08269","1001.57","23.22"
"202","10069","150122","PE","Subgerencia de Desarrollo Ambiental","2/9/2021 10:00","868.00","23.48","17.86","0.00","1.04","0.75","0.00","112.12","0.71","84.36","-12.07274","-77.08269","1001.49","23.98"
"203","10069","150122","PE","Subgerencia de Desarrollo Ambiental","2/9/2021 11:00","735.21","16.26","16.16","0.23","0.69","0.53","0.00","117.83","0.87","84.03","-12.07274","-77.08269","1001.27","23.91"
"204","10069","150122","PE","Subgerencia de Desarrollo Ambiental","2/9/2021 12:00","889.23","17.89","18.39","1.46","0.69","0.51","0.00","117.61","1.10","84.07","-12.07274","-77.08269","1001.02","24.04"
"205","10069","150122","PE","Subgerencia de Desarrollo Ambiental","2/9/2021 13:00","1078.69","22.06","15.72","3.53","0.62","0.50","0.00","116.80","1.92","82.70","-12.07274","-77.08269","1000.42","24.53"
"206","10069","150122","PE","Subgerencia de Desarrollo Ambiental","2/9/2021 14:00","996.17","20.79","11.23","7.03","0.57","0.46","0.00","117.66","3.55","82.08","-12.07274","-77.08269","999.73","24.80"
"207","10069","150122","PE","Subgerencia de Desarrollo Ambiental","2/9/2021 15:00","881.37","11.45","18.00","26.36","0.59","0.47","0.00","115.94","3.39","84.93","-12.07274","-77.08269","999.09","23.86"
"208","10069","150122","PE","Subgerencia de Desarrollo Ambiental","2/9/2021 16:00","912.49","19.10","13.76","11.76","0.62","0.49","0.00","116.35","4.02","83.29","-12.07274","-77.08269","998.71","24.18"
"209","10069","150122","PE","Subgerencia de Desarrollo Ambiental","2/9/2021 17:00","1073.14","18.50","16.22","11.57","0.73","0.56","0.00","114.64","2.81","83.10","-12.07274","-77.08269","998.62","24.10"
"210","10069","150122","PE","Subgerencia de Desarrollo Ambiental","2/9/2021 18:00","1479.76","23.16","27.49","54.46","1.08","0.80","0.00","111.68","0.72","85.93","-12.07274","-77.08269","999.11","23.35"
"211","10069","150122","PE","Subgerencia de Desarrollo Ambiental","2/9/2021 19:00","1846.33","33.67","31.50","11.63","1.37","0.86","0.00","107.67","0.07","83.71","-12.07274","-77.08269","999.30","23.40"
"212","10069","150122","PE","Subgerencia de Desarrollo Ambiental","2/9/2021 20:00","1253.39","19.50","29.54","0.63","1.14","0.79","0.00","110.25","0.00","83.72","-12.07274","-77.08269","1000.03","23.05"
"213","10069","150122","PE","Subgerencia de Desarrollo Ambiental","2/9/2021 21:00","824.14","10.03","26.87","0.23","1.02","0.71","0.00","105.53","0.00","84.12","-12.07274","-77.08269","1000.69","22.68"
"214","10069","150122","PE","Subgerencia de Desarrollo Ambiental","2/9/2021 22:00","863.28","9.26","26.10","0.00","1.43","0.94","0.00","103.29","0.00","83.68","-12.07274","-77.08269","1001.19","22.80"
"215","10069","150122","PE","Subgerencia de Desarrollo Ambiental","2/9/2021 23:00","595.04","3.80","25.52","0.00","1.40","0.86","0.00","95.89","0.00","85.21","-12.07274","-77.08269","1001.49","22.56"
"216","10069","150122","PE","Subgerencia de Desarrollo Ambiental","2/10/2021 0:00","428.50","1.83","23.62","0.00","0.93","0.64","0.00","85.63","0.00","84.42","-12.07274","-77.08269","1001.25","22.48"
"217","10069","150122","PE","Subgerencia de Desarrollo Ambiental","2/10/2021 1:00","389.03","1.08","24.44","0.00","1.13","0.81","0.00","82.34","0.00","85.46","-12.07274","-77.08269","1000.88","22.45"
"218","10069","150122","PE","Subgerencia de Desarrollo Ambiental","2/10/2021 2:00","329.37","0.34","23.46","0.00","0.92","0.67","0.00","75.76","0.00","85.56","-12.07274","-77.08269","1000.77","22.48"
"219","10069","150122","PE","Subgerencia de Desarrollo Ambiental","2/10/2021 3:00","454.35","1.42","22.76","0.00","1.32","0.84","0.00","72.94","0.00","83.78","-12.07274","-77.08269","1000.34","22.84"
"220","10069","150122","PE","Subgerencia de Desarrollo Ambiental","2/10/2021 4:00","334.01","0.06","23.60","0.00","1.33","0.84","0.00","73.64","0.00","87.31","-12.07274","-77.08269","1000.09","22.16"
"221","10069","150122","PE","Subgerencia de Desarrollo Ambiental","2/10/2021 5:00","295.14","1.09","23.25","0.00","1.06","0.71","0.00","80.21","0.00","85.30","-12.07274","-77.08269","1000.41","22.68"
"222","10069","150122","PE","Subgerencia de Desarrollo Ambiental","2/10/2021 6:00","421.74","5.71","24.67","0.00","1.18","0.80","0.00","96.16","0.00","85.49","-12.07274","-77.08269","1001.05","22.73"
"223","10069","150122","PE","Subgerencia de Desarrollo Ambiental","2/10/2021 7:00","1093.84","28.76","26.17","0.03","1.14","0.83","0.00","105.05","0.05","83.59","-12.07274","-77.08269","1001.52","23.22"
"224","10069","150122","PE","Subgerencia de Desarrollo Ambiental","2/10/2021 8:00","1722.74","43.28","25.25","0.00","1.14","0.80","0.00","110.22","0.15","80.50","-12.07274","-77.08269","1002.09","23.86"
"225","10069","150122","PE","Subgerencia de Desarrollo Ambiental","2/10/2021 9:00","1898.66","52.39","21.16","0.16","1.27","0.85","0.00","108.72","0.67","74.26","-12.07274","-77.08269","1002.50","25.38"
"226","10069","150122","PE","Subgerencia de Desarrollo Ambiental","2/10/2021 10:00","2291.57","58.86","16.40","0.10","1.63","0.91","0.00","109.10","0.83","68.89","-12.07274","-77.08269","1002.81","26.89"
"227","10069","150122","PE","Subgerencia de Desarrollo Ambiental","2/10/2021 11:00","1982.55","34.17","18.87","1.12","1.59","0.94","0.00","110.08","1.17","74.42","-12.07274","-77.08269","1002.75","25.62"
"228","10069","150122","PE","Subgerencia de Desarrollo Ambiental","2/10/2021 12:00","1224.69","17.16","18.60","5.54","0.86","0.59","0.00","115.82","1.16","76.15","-12.07274","-77.08269","1002.55","24.95"
"229","10069","150122","PE","Subgerencia de Desarrollo Ambiental","2/10/2021 13:00","1322.40","22.91","13.03","0.00","0.64","0.42","0.00","113.97","1.94","70.08","-12.07274","-77.08269","1001.72","26.61"
"230","10069","150122","PE","Subgerencia de Desarrollo Ambiental","2/10/2021 14:00","1351.68","21.70","12.62","3.49","0.63","0.42","0.00","115.39","2.23","71.72","-12.07274","-77.08269","1001.04","26.54"
"231","10069","150122","PE","Subgerencia de Desarrollo Ambiental","2/10/2021 15:00","1259.30","12.56","18.95","28.86","0.59","0.41","0.00","112.89","1.80","79.41","-12.07274","-77.08269","1000.55","24.97"
"232","10069","150122","PE","Subgerencia de Desarrollo Ambiental","2/10/2021 16:00","1356.58","18.39","23.59","33.73","0.67","0.46","0.00","113.24","1.19","80.21","-12.07274","-77.08269","999.99","24.74"
"233","10069","150122","PE","Subgerencia de Desarrollo Ambiental","2/10/2021 17:00","2236.56","42.85","25.61","3.45","1.42","0.73","0.00","109.98","0.61","72.85","-12.07274","-77.08269","999.50","26.62"
"234","10069","150122","PE","Subgerencia de Desarrollo Ambiental","2/10/2021 18:00","2215.71","41.14","23.96","0.89","1.15","0.65","0.00","109.15","0.43","69.09","-12.07274","-77.08269","999.32","27.03"
"235","10069","150122","PE","Subgerencia de Desarrollo Ambiental","2/10/2021 19:00","2347.76","41.39","26.68","2.80","1.09","0.63","0.00","110.37","0.07","69.75","-12.07274","-77.08269","999.65","26.45"
"236","10069","150122","PE","Subgerencia de Desarrollo Ambiental","2/10/2021 20:00","1927.97","27.46","28.08","1.67","1.48","0.81","0.00","107.21","0.00","70.88","-12.07274","-77.08269","1000.19","25.87"
"237","10069","150122","PE","Subgerencia de Desarrollo Ambiental","2/10/2021 21:00","1634.20","19.28","27.57","0.29","1.52","0.81","0.00","101.74","0.00","73.01","-12.07274","-77.08269","1000.80","25.46"
"238","10069","150122","PE","Subgerencia de Desarrollo Ambiental","2/10/2021 22:00","1338.34","13.17","26.39","1.62","1.24","0.77","0.00","92.87","0.00","73.58","-12.07274","-77.08269","1001.03","25.46"
"239","10069","150122","PE","Subgerencia de Desarrollo Ambiental","2/10/2021 23:00","1102.12","9.97","24.41","0.00","1.09","0.63","0.00","88.02","0.00","71.61","-12.07274","-77.08269","1001.36","25.74"
"240","10069","150122","PE","Subgerencia de Desarrollo Ambiental","2/11/2021 0:00","882.17","4.43","23.08","0.00","0.99","0.58","0.00","91.69","0.00","71.66","-12.07274","-77.08269","1001.34","25.59"
"241","10069","150122","PE","Subgerencia de Desarrollo Ambiental","2/11/2021 1:00","721.62","2.16","24.00","0.22","0.93","0.57","0.00","82.87","0.00","75.25","-12.07274","-77.08269","1000.60","24.75"
"242","10069","150122","PE","Subgerencia de Desarrollo Ambiental","2/11/2021 2:00","611.61","0.63","24.37","0.00","0.74","0.54","0.00","78.58","0.00","78.12","-12.07274","-77.08269","999.98","24.15"
"243","10069","150122","PE","Subgerencia de Desarrollo Ambiental","2/11/2021 3:00","644.22","3.89","25.02","1.80","0.85","0.62","0.00","91.64","0.00","82.66","-12.07274","-77.08269","999.69","23.35"
"244","10069","150122","PE","Subgerencia de Desarrollo Ambiental","2/11/2021 4:00","428.77","0.10","26.45","5.56","0.86","0.69","0.00","99.73","0.00","89.91","-12.07274","-77.08269","999.78","22.28"
"245","10069","150122","PE","Subgerencia de Desarrollo Ambiental","2/11/2021 5:00","401.97","1.22","26.71","0.13","1.05","0.85","0.00","82.92","0.00","91.66","-12.07274","-77.08269","999.80","21.98"
"246","10069","150122","PE","Subgerencia de Desarrollo Ambiental","2/11/2021 6:00","622.48","9.53","26.97","0.00","1.13","0.89","0.00","96.55","0.00","90.18","-12.07274","-77.08269","1000.01","22.15"
"247","10069","150122","PE","Subgerencia de Desarrollo Ambiental","2/11/2021 7:00","1255.63","29.39","29.36","1.15","1.42","1.09","0.00","108.03","0.08","89.45","-12.07274","-77.08269","1000.45","22.29"
"248","10069","150122","PE","Subgerencia de Desarrollo Ambiental","2/11/2021 8:00","2139.83","50.81","27.00","0.36","1.59","1.13","0.00","107.09","0.23","86.25","-12.07274","-77.08269","1001.03","23.13"
"249","10069","150122","PE","Subgerencia de Desarrollo Ambiental","2/11/2021 9:00","2360.67","54.48","23.90","0.00","1.65","1.17","0.00","108.05","0.48","80.11","-12.07274","-77.08269","1001.41","24.25"
"250","10069","150122","PE","Subgerencia de Desarrollo Ambiental","2/11/2021 10:00","1967.77","39.66","19.91","0.59","1.66","1.06","0.00","107.08","0.76","78.17","-12.07274","-77.08269","1001.44","24.60"
"251","10069","150122","PE","Subgerencia de Desarrollo Ambiental","2/11/2021 11:00","1335.03","15.94","18.28","0.06","1.06","0.67","0.00","109.97","1.27","81.89","-12.07274","-77.08269","1001.27","23.79"
"252","10069","150122","PE","Subgerencia de Desarrollo Ambiental","2/11/2021 12:00","1464.45","29.84","10.31","0.48","0.67","0.46","0.00","112.16","1.58","72.68","-12.07274","-77.08269","1001.00","25.84"
"253","10069","150122","PE","Subgerencia de Desarrollo Ambiental","2/11/2021 13:00","1243.75","13.53","12.42","1.39","0.55","0.41","0.00","115.78","1.67","74.33","-12.07274","-77.08269","1000.42","25.64"
"254","10069","150122","PE","Subgerencia de Desarrollo Ambiental","2/11/2021 14:00","1223.52","10.18","15.54","4.61","0.50","0.39","0.00","117.00","1.97","76.43","-12.07274","-77.08269","999.99","25.31"
"255","10069","150122","PE","Subgerencia de Desarrollo Ambiental","2/11/2021 15:00","1222.90","16.06","15.45","6.59","0.57","0.40","0.00","119.25","3.42","75.61","-12.07274","-77.08269","999.35","25.57"
"256","10069","150122","PE","Subgerencia de Desarrollo Ambiental","2/11/2021 16:00","1305.15","12.78","17.29","4.26","0.66","0.46","0.00","118.75","3.48","76.79","-12.07274","-77.08269","998.54","25.70"
"257","10069","150122","PE","Subgerencia de Desarrollo Ambiental","2/11/2021 17:00","1677.52","23.39","16.04","0.85","0.83","0.51","0.00","115.67","2.36","73.36","-12.07274","-77.08269","997.99","26.37"
"258","10069","150122","PE","Subgerencia de Desarrollo Ambiental","2/11/2021 18:00","1792.72","28.71","20.62","10.21","0.86","0.49","0.00","113.99","0.56","67.82","-12.07274","-77.08269","998.33","26.70"
"259","10069","150122","PE","Subgerencia de Desarrollo Ambiental","2/11/2021 19:00","2192.45","34.31","26.93","0.17","1.35","0.67","0.00","110.09","0.07","64.70","-12.07274","-77.08269","998.63","27.14"
"260","10069","150122","PE","Subgerencia de Desarrollo Ambiental","2/11/2021 20:00","2399.68","41.14","26.49","0.01","2.44","1.04","0.00","105.03","0.00","63.82","-12.07274","-77.08269","999.21","27.30"
"261","10069","150122","PE","Subgerencia de Desarrollo Ambiental","2/11/2021 21:00","2439.06","40.54","27.16","1.79","2.26","1.07","0.00","100.05","0.00","67.56","-12.07274","-77.08269","999.93","26.48"
"262","10069","150122","PE","Subgerencia de Desarrollo Ambiental","2/11/2021 22:00","1625.37","17.32","25.84","1.85","1.33","0.68","0.00","99.14","0.00","70.10","-12.07274","-77.08269","1000.56","25.61"
"263","10069","150122","PE","Subgerencia de Desarrollo Ambiental","2/11/2021 23:00","836.99","2.71","25.28","23.74","0.81","0.51","0.00","107.23","0.00","77.15","-12.07274","-77.08269","1001.36","24.08"
"264","10069","150122","PE","Subgerencia de Desarrollo Ambiental","2/12/2021 0:00","664.71","0.26","26.77","17.93","0.75","0.54","0.00","97.32","0.00","82.15","-12.07274","-77.08269","1001.35","23.46"
"265","10069","150122","PE","Subgerencia de Desarrollo Ambiental","2/12/2021 1:00","694.15","2.97","25.74","0.41","1.14","0.74","0.00","82.31","0.00","80.43","-12.07274","-77.08269","1000.71","23.86"
"266","10069","150122","PE","Subgerencia de Desarrollo Ambiental","2/12/2021 2:00","746.05","4.17","25.32","0.08","1.39","0.86","0.00","83.00","0.00","80.69","-12.07274","-77.08269","1000.32","23.95"
"267","10069","150122","PE","Subgerencia de Desarrollo Ambiental","2/12/2021 3:00","460.35","0.16","24.66","2.60","1.09","0.66","0.00","78.56","0.00","86.75","-12.07274","-77.08269","1000.12","22.42"
"268","10069","150122","PE","Subgerencia de Desarrollo Ambiental","2/12/2021 4:00","396.82","0.39","24.43","0.00","1.06","0.67","0.00","76.59","0.00","87.43","-12.07274","-77.08269","1000.11","22.42"
"269","10069","150122","PE","Subgerencia de Desarrollo Ambiental","2/12/2021 5:00","445.24","1.35","24.12","0.00","0.86","0.57","0.00","82.59","0.00","86.31","-12.07274","-77.08269","999.97","22.74"
"270","10069","150122","PE","Subgerencia de Desarrollo Ambiental","2/12/2021 6:00","600.23","4.36","25.50","0.01","0.99","0.69","0.00","101.43","0.00","88.22","-12.07274","-77.08269","1000.25","22.38"
"271","10069","150122","PE","Subgerencia de Desarrollo Ambiental","2/12/2021 7:00","1257.90","30.92","27.62","1.67","1.14","0.81","0.00","106.99","0.07","86.10","-12.07274","-77.08269","1000.77","23.04"
"272","10069","150122","PE","Subgerencia de Desarrollo Ambiental","2/12/2021 8:00","1648.44","42.88","24.18","0.33","1.57","0.97","0.00","108.56","0.39","82.59","-12.07274","-77.08269","1001.29","24.06"
"273","10069","150122","PE","Subgerencia de Desarrollo Ambiental","2/12/2021 9:00","1840.64","43.13","20.28","0.00","1.77","1.04","0.00","108.07","0.70","79.32","-12.07274","-77.08269","1001.55","25.09"
"274","10069","150122","PE","Subgerencia de Desarrollo Ambiental","2/12/2021 10:00","1293.58","23.75","18.11","1.51","1.15","0.71","0.00","112.96","0.77","79.67","-12.07274","-77.08269","1001.81","24.90"
"275","10069","150122","PE","Subgerencia de Desarrollo Ambiental","2/12/2021 11:00","1141.17","13.51","20.75","0.61","0.69","0.50","0.00","114.09","0.98","85.03","-12.07274","-77.08269","1001.77","23.77"
"276","10069","150122","PE","Subgerencia de Desarrollo Ambiental","2/12/2021 12:00","1148.39","18.20","19.31","0.23","0.58","0.45","0.00","117.91","1.28","82.98","-12.07274","-77.08269","1001.72","24.07"
"277","10069","150122","PE","Subgerencia de Desarrollo Ambiental","2/12/2021 13:00","1209.11","19.06","15.54","0.00","0.56","0.41","0.00","112.55","1.90","78.84","-12.07274","-77.08269","1001.16","24.71"
"278","10069","150122","PE","Subgerencia de Desarrollo Ambiental","2/12/2021 14:00","1230.25","20.34","11.60","5.21","0.57","0.39","0.00","114.86","2.55","75.69","-12.07274","-77.08269","1000.64","25.43"
"279","10069","150122","PE","Subgerencia de Desarrollo Ambiental","2/12/2021 15:00","1220.73","9.82","16.50","9.08","0.69","0.43","0.00","113.37","3.48","80.14","-12.07274","-77.08269","1000.11","24.96"
"280","10069","150122","PE","Subgerencia de Desarrollo Ambiental","2/12/2021 16:00","1512.14","23.25","12.00","1.81","0.78","0.50","0.00","112.79","3.21","74.96","-12.07274","-77.08269","999.53","26.27"
"281","10069","150122","PE","Subgerencia de Desarrollo Ambiental","2/12/2021 17:00","1649.54","28.82","9.96","0.35","0.93","0.53","0.00","113.50","2.19","68.05","-12.07274","-77.08269","999.09","27.51"
"282","10069","150122","PE","Subgerencia de Desarrollo Ambiental","2/12/2021 18:00","2461.77","42.89","21.96","16.02","0.97","0.57","0.00","111.45","0.71","66.93","-12.07274","-77.08269","999.43","27.25"
"283","10069","150122","PE","Subgerencia de Desarrollo Ambiental","2/12/2021 19:00","1974.31","27.31","27.93","28.25","0.91","0.51","0.00","110.84","0.10","69.79","-12.07274","-77.08269","1000.05","25.99"
"284","10069","150122","PE","Subgerencia de Desarrollo Ambiental","2/12/2021 20:00","1688.39","20.79","29.21","9.16","1.33","0.73","0.00","110.40","0.00","70.01","-12.07274","-77.08269","1000.50","25.62"
"285","10069","150122","PE","Subgerencia de Desarrollo Ambiental","2/12/2021 21:00","1753.96","25.58","29.28","11.54","1.39","0.77","0.00","103.08","0.00","74.24","-12.07274","-77.08269","1001.09","25.11"
"286","10069","150122","PE","Subgerencia de Desarrollo Ambiental","2/12/2021 22:00","1088.77","8.49","27.94","14.05","0.76","0.52","0.00","107.98","0.00","81.41","-12.07274","-77.08269","1001.72","23.89"
"287","10069","150122","PE","Subgerencia de Desarrollo Ambiental","2/12/2021 23:00","956.94","9.01","27.74","1.31","0.90","0.59","0.00","94.71","0.00","84.36","-12.07274","-77.08269","1002.11","23.56"
"288","10069","150122","PE","Subgerencia de Desarrollo Ambiental","2/13/2021 0:00","707.49","4.40","26.56","0.01","0.96","0.61","0.00","90.59","0.00","86.33","-12.07274","-77.08269","1001.74","23.22"
"289","10069","150122","PE","Subgerencia de Desarrollo Ambiental","2/13/2021 1:00","697.74","3.70","25.24","0.00","1.07","0.71","0.00","103.01","0.00","86.33","-12.07274","-77.08269","1000.88","23.23"
"290","10069","150122","PE","Subgerencia de Desarrollo Ambiental","2/13/2021 2:00","716.79","4.54","24.84","1.56","1.15","0.76","0.00","91.44","0.00","86.85","-12.07274","-77.08269","1000.30","22.88"
"291","10069","150122","PE","Subgerencia de Desarrollo Ambiental","2/13/2021 3:00","541.22","0.52","24.38","0.00","0.94","0.67","0.00","81.14","0.00","87.76","-12.07274","-77.08269","999.84","22.61"
"292","10069","150122","PE","Subgerencia de Desarrollo Ambiental","2/13/2021 4:00","529.73","2.12","24.70","0.00","1.49","0.91","0.00","76.11","0.00","88.25","-12.07274","-77.08269","999.86","22.52"
"293","10069","150122","PE","Subgerencia de Desarrollo Ambiental","2/13/2021 5:00","622.69","6.32","25.19","0.11","1.34","0.91","0.00","88.46","0.00","88.69","-12.07274","-77.08269","999.98","22.49"
"294","10069","150122","PE","Subgerencia de Desarrollo Ambiental","2/13/2021 6:00","578.00","6.07","25.49","0.00","1.51","0.96","0.00","98.50","0.00","89.69","-12.07274","-77.08269","1000.05","22.27"
"295","10069","150122","PE","Subgerencia de Desarrollo Ambiental","2/13/2021 7:00","883.01","18.26","27.02","0.04","2.37","1.46","0.00","105.83","0.08","91.92","-12.07274","-77.08269","1000.51","21.80"
"296","10069","150122","PE","Subgerencia de Desarrollo Ambiental","2/13/2021 8:00","1155.40","27.00","25.47","0.00","1.98","1.27","0.00","107.62","0.26","89.29","-12.07274","-77.08269","1001.12","22.65"
"297","10069","150122","PE","Subgerencia de Desarrollo Ambiental","2/13/2021 9:00","1048.11","22.46","21.73","0.00","1.84","1.19","0.00","109.68","0.35","85.72","-12.07274","-77.08269","1001.46","23.29"
"298","10069","150122","PE","Subgerencia de Desarrollo Ambiental","2/13/2021 10:00","1099.37","21.75","18.86","0.03","1.59","1.02","0.00","108.08","0.43","81.74","-12.07274","-77.08269","1001.23","24.12"
"299","10069","150122","PE","Subgerencia de Desarrollo Ambiental","2/13/2021 11:00","897.22","10.66","17.64","2.06","1.01","0.69","0.00","115.41","0.54","82.74","-12.07274","-77.08269","1001.03","23.58"
"300","10069","150122","PE","Subgerencia de Desarrollo Ambiental","2/13/2021 12:00","1048.82","14.00","20.18","0.17","0.92","0.63","0.00","114.51","0.70","81.48","-12.07274","-77.08269","1000.67","23.66"
"301","10069","150122","PE","Subgerencia de Desarrollo Ambiental","2/13/2021 13:00","1154.88","17.60","16.27","0.12","0.97","0.65","0.00","114.95","0.97","77.35","-12.07274","-77.08269","999.97","24.52"
"302","10069","150122","PE","Subgerencia de Desarrollo Ambiental","2/13/2021 14:00","1073.58","17.02","15.04","0.00","1.02","0.66","0.00","117.18","3.45","74.42","-12.07274","-77.08269","999.01","25.38"
"303","10069","150122","PE","Subgerencia de Desarrollo Ambiental","2/13/2021 15:00","1118.09","13.12","13.82","0.13","0.79","0.55","0.00","116.17","3.94","74.54","-12.07274","-77.08269","998.38","25.46"
"304","10069","150122","PE","Subgerencia de Desarrollo Ambiental","2/13/2021 16:00","1173.36","11.65","10.28","2.02","0.78","0.55","0.00","113.89","4.08","73.86","-12.07274","-77.08269","997.85","25.82"
"305","10069","150122","PE","Subgerencia de Desarrollo Ambiental","2/13/2021 17:00","1105.33","10.61","6.66","7.86","0.67","0.42","0.00","118.77","2.89","64.34","-12.07274","-77.08269","997.64","27.54"
"306","10069","150122","PE","Subgerencia de Desarrollo Ambiental","2/13/2021 18:00","1432.74","14.09","19.87","43.36","0.69","0.44","0.00","116.93","0.73","65.01","-12.07274","-77.08269","998.17","26.50"
"307","10069","150122","PE","Subgerencia de Desarrollo Ambiental","2/13/2021 19:00","1482.48","17.80","28.38","46.91","0.94","0.55","0.00","118.22","0.10","70.69","-12.07274","-77.08269","999.06","25.18"
"308","10069","150122","PE","Subgerencia de Desarrollo Ambiental","2/13/2021 20:00","1303.84","12.11","31.88","41.04","1.19","0.77","0.00","117.18","0.00","78.64","-12.07274","-77.08269","999.60","23.85"
"309","10069","150122","PE","Subgerencia de Desarrollo Ambiental","2/13/2021 21:00","970.77","9.86","28.94","21.99","0.88","0.60","0.00","115.16","0.00","82.31","-12.07274","-77.08269","1000.53","23.05"
"310","10069","150122","PE","Subgerencia de Desarrollo Ambiental","2/13/2021 22:00","776.53","7.62","27.02","1.70","0.93","0.59","0.00","118.37","0.00","81.84","-12.07274","-77.08269","1001.06","22.92"
"311","10069","150122","PE","Subgerencia de Desarrollo Ambiental","2/13/2021 23:00","598.08","4.11","25.71","0.00","0.85","0.52","0.00","114.84","0.00","82.47","-12.07274","-77.08269","1001.61","22.68"
"312","10069","150122","PE","Subgerencia de Desarrollo Ambiental","2/14/2021 0:00","447.77","1.44","25.03","0.00","0.71","0.47","0.00","111.42","0.00","83.60","-12.07274","-77.08269","1001.58","22.49"
"313","10069","150122","PE","Subgerencia de Desarrollo Ambiental","2/14/2021 1:00","387.23","1.00","24.42","0.00","0.70","0.49","0.00","109.81","0.00","84.11","-12.07274","-77.08269","1001.23","22.43"
"314","10069","150122","PE","Subgerencia de Desarrollo Ambiental","2/14/2021 2:00","340.41","0.99","24.02","0.00","0.72","0.48","0.00","97.71","0.00","84.51","-12.07274","-77.08269","1000.97","22.47"
"315","10069","150122","PE","Subgerencia de Desarrollo Ambiental","2/14/2021 3:00","322.49","0.48","23.67","0.00","0.73","0.49","0.00","96.53","0.00","85.49","-12.07274","-77.08269","1000.50","22.31"
"316","10069","150122","PE","Subgerencia de Desarrollo Ambiental","2/14/2021 4:00","342.13","0.66","23.58","0.00","0.72","0.49","0.00","80.64","0.00","86.43","-12.07274","-77.08269","1000.25","22.17"
"317","10069","150122","PE","Subgerencia de Desarrollo Ambiental","2/14/2021 5:00","262.18","0.54","23.34","0.00","0.88","0.54","0.00","87.45","0.00","87.34","-12.07274","-77.08269","1000.62","21.98"
"318","10069","150122","PE","Subgerencia de Desarrollo Ambiental","2/14/2021 6:00","264.61","0.91","23.43","0.00","0.78","0.54","0.00","94.39","0.00","87.57","-12.07274","-77.08269","1001.17","21.84"
"319","10069","150122","PE","Subgerencia de Desarrollo Ambiental","2/14/2021 7:00","420.71","5.76","24.42","0.00","0.84","0.57","0.00","96.01","0.08","87.21","-12.07274","-77.08269","1001.63","21.99"
"320","10069","150122","PE","Subgerencia de Desarrollo Ambiental","2/14/2021 8:00","392.64","7.20","22.30","0.00","0.79","0.56","0.00","99.11","0.26","85.29","-12.07274","-77.08269","1002.41","22.58"
"321","10069","150122","PE","Subgerencia de Desarrollo Ambiental","2/14/2021 9:00","440.13","8.10","19.61","0.00","1.21","0.87","0.00","105.47","0.37","82.62","-12.07274","-77.08269","1002.85","23.29"
"322","10069","150122","PE","Subgerencia de Desarrollo Ambiental","2/14/2021 10:00","309.63","3.38","18.73","0.00","1.09","0.81","0.00","115.86","0.50","83.56","-12.07274","-77.08269","1002.93","23.11"
"323","10069","150122","PE","Subgerencia de Desarrollo Ambiental","2/14/2021 11:00","323.50","2.73","18.73","0.45","0.73","0.51","0.00","118.77","0.59","84.09","-12.07274","-77.08269","1002.86","23.10"
"324","10069","150122","PE","Subgerencia de Desarrollo Ambiental","2/14/2021 12:00","393.91","4.32","20.71","0.66","0.67","0.48","0.00","121.88","0.72","84.53","-12.07274","-77.08269","1002.57","23.29"
"325","10069","150122","PE","Subgerencia de Desarrollo Ambiental","2/14/2021 13:00","418.72","7.15","17.88","0.02","0.76","0.51","0.00","121.18","0.88","80.83","-12.07274","-77.08269","1002.35","24.41"
"326","10069","150122","PE","Subgerencia de Desarrollo Ambiental","2/14/2021 14:00","514.33","9.27","17.98","0.25","0.70","0.50","0.00","122.20","4.01","79.53","-12.07274","-77.08269","1001.90","24.85"
"327","10069","150122","PE","Subgerencia de Desarrollo Ambiental","2/14/2021 15:00","514.29","11.37","13.27","0.27","0.56","0.40","0.00","120.54","4.21","76.61","-12.07274","-77.08269","1001.45","25.43"
"328","10069","150122","PE","Subgerencia de Desarrollo Ambiental","2/14/2021 16:00","564.62","4.20","12.41","2.50","0.55","0.41","0.00","120.35","4.08","77.62","-12.07274","-77.08269","1001.12","25.34"
"329","10069","150122","PE","Subgerencia de Desarrollo Ambiental","2/14/2021 17:00","480.94","7.12","14.87","18.80","0.56","0.42","0.00","120.35","2.80","80.33","-12.07274","-77.08269","1000.93","24.73"
"330","10069","150122","PE","Subgerencia de Desarrollo Ambiental","2/14/2021 18:00","735.96","5.90","24.62","45.93","1.01","0.64","0.00","118.75","0.73","84.35","-12.07274","-77.08269","1001.37","23.75"
"331","10069","150122","PE","Subgerencia de Desarrollo Ambiental","2/14/2021 19:00","691.00","6.66","26.73","28.14","0.72","0.51","0.00","118.96","0.07","83.13","-12.07274","-77.08269","1002.07","23.28"
"332","10069","150122","PE","Subgerencia de Desarrollo Ambiental","2/14/2021 20:00","638.37","7.22","25.60","6.89","0.73","0.53","0.00","116.76","0.00","80.70","-12.07274","-77.08269","1002.94","23.18"
"333","10069","150122","PE","Subgerencia de Desarrollo Ambiental","2/14/2021 21:00","565.23","6.76","23.97","0.21","0.90","0.62","0.00","116.86","0.00","78.69","-12.07274","-77.08269","1003.24","23.31"
"334","10069","150122","PE","Subgerencia de Desarrollo Ambiental","2/14/2021 22:00","485.20","4.05","23.24","0.08","0.71","0.49","0.00","110.47","0.00","78.61","-12.07274","-77.08269","1003.52","23.24"
"335","10069","150122","PE","Subgerencia de Desarrollo Ambiental","2/14/2021 23:00","408.32","2.23","23.45","0.62","0.77","0.49","0.00","107.55","0.00","79.40","-12.07274","-77.08269","1003.67","23.14"
"336","10069","150122","PE","Subgerencia de Desarrollo Ambiental","2/15/2021 0:00","731.92","9.25","22.13","0.00","0.84","0.56","0.00","95.82","0.00","76.98","-12.07274","-77.08269","1003.49","23.47"
"337","10069","150122","PE","Subgerencia de Desarrollo Ambiental","2/15/2021 1:00","310.02","1.20","21.47","0.02","1.26","0.74","0.00","100.57","0.00","76.50","-12.07274","-77.08269","1003.13","23.32"
"338","10069","150122","PE","Subgerencia de Desarrollo Ambiental","2/15/2021 2:00","234.89","0.05","22.94","1.91","1.07","0.71","0.00","100.49","0.00","80.46","-12.07274","-77.08269","1002.78","22.81"
"339","10069","150122","PE","Subgerencia de Desarrollo Ambiental","2/15/2021 3:00","191.69","0.02","24.49","9.20","1.76","1.08","0.00","81.16","0.00","85.44","-12.07274","-77.08269","1002.23","22.11"
"340","10069","150122","PE","Subgerencia de Desarrollo Ambiental","2/15/2021 4:00","209.60","0.50","25.61","2.97","1.53","1.03","0.00","73.78","0.00","88.50","-12.07274","-77.08269","1001.89","21.74"
"341","10069","150122","PE","Subgerencia de Desarrollo Ambiental","2/15/2021 5:00","185.57","1.15","26.67","0.01","1.10","0.81","0.00","78.79","0.00","89.78","-12.07274","-77.08269","1002.46","21.70"
"342","10069","150122","PE","Subgerencia de Desarrollo Ambiental","2/15/2021 6:00","343.01","7.14","25.40","0.00","0.83","0.60","0.00","102.08","0.00","88.32","-12.07274","-77.08269","1002.52","22.09"
"343","10069","150122","PE","Subgerencia de Desarrollo Ambiental","2/15/2021 7:00","697.68","19.54","26.73","0.33","0.97","0.74","0.00","105.94","0.07","87.93","-12.07274","-77.08269","1003.01","22.16"
"344","10069","150122","PE","Subgerencia de Desarrollo Ambiental","2/15/2021 8:00","1023.30","28.83","24.74","0.00","0.83","0.61","0.00","107.17","0.26","84.79","-12.07274","-77.08269","1003.46","23.10"
"345","10069","150122","PE","Subgerencia de Desarrollo Ambiental","2/15/2021 9:00","861.77","25.91","21.14","0.01","1.36","0.93","0.00","113.47","0.36","81.55","-12.07274","-77.08269","1003.92","24.00"
"346","10069","150122","PE","Subgerencia de Desarrollo Ambiental","2/15/2021 10:00","600.28","13.79","19.43","0.00","1.41","0.96","0.00","118.45","0.43","82.16","-12.07274","-77.08269","1004.09","23.90"
"347","10069","150122","PE","Subgerencia de Desarrollo Ambiental","2/15/2021 11:00","634.73","14.01","18.77","0.03","0.91","0.57","0.00","118.15","0.50","81.68","-12.07274","-77.08269","1004.25","24.02"
"348","10069","150122","PE","Subgerencia de Desarrollo Ambiental","2/15/2021 12:00","654.11","14.50","21.06","1.50","0.70","0.47","0.00","119.35","0.60","82.56","-12.07274","-77.08269","1004.02","24.08"
"349","10069","150122","PE","Subgerencia de Desarrollo Ambiental","2/15/2021 13:00","824.74","14.86","19.70","7.31","0.63","0.41","0.00","115.61","0.79","83.66","-12.07274","-77.08269","1003.64","24.12"
"350","10069","150122","PE","Subgerencia de Desarrollo Ambiental","2/15/2021 14:00","723.68","14.97","18.94","7.51","0.56","0.38","0.00","119.18","4.08","82.72","-12.07274","-77.08269","1003.17","24.30"
"","","","","","","","","","","","","","","","","","","",""
"","","","","","","","","","","","","","","","","","","",""
"","","","","","","","","","","","","","","","","","","",""
"","","","","","","","","","","","","","","","","","","",""
"","","","","","","","","","","","","","","","","","","",""
"","","","","","","","","","","","","","","","","","","",""
"","","","","","","","","","","","","","","","","","","",""
"","","","","","","","","","","","","","","","","","","",""
"","","","","","","","","","","","","","","","","","","",""
"","","","","","","","","","","","","","","","","","","",""
"","","","","","","","","","","","","","","","","","","",""
"","","","","","","","","","","","","","","","","","","",""
"","","","","","","","","","","","","","","","","","","",""
"","","","","","","","","","","","","","","","","","","",""
"","","","","","","","","","","","","","","","","","","",""
"","","","","","","","","","","","","","","","","","","",""
"","","","","","","","","","","","","","","","","","","",""
"","","","","","","","","","","","","","","","","","","",""
"","","","","","","","","","","","","","","","","","","",""
"","","","","","","","","","","","","","","","","","","",""
"","","","","","","","","","","","","","","","","","","",""
"","","","","","","","","","","","","","","","","","","",""
"","","","","","","","","","","","","","","","","","","",""
"","","","","","","","","","","","","","","","","","","",""
"","","","","","","","","","","","","","","","","","","",""
"","","","","","","","","","","","","","","","","","","",""
"","","","","","","","","","","","","","","","","","","",""
"","","","","","","","","","","","","","","","","","","",""
"","","","","","","","","","","","","","","","","","","",""
"","","","","","","","","","","","","","","","","","","",""
"","","","","","","","","","","","","","","","","","","",""
"","","","","","","","","","","","","","","","","","","",""
"","","","","","","","","","","","","","","","","","","",""
"","","","","","","","","","","","","","","","","","","",""
"","","","","","","","","","","","","","","","","","","",""
"","","","","","","","","","","","","","","","","","","",""
"","","","","","","","","","","","","","","","","","","",""
"","","","","","","","","","","","","","","","","","","",""
"","","","","","","","","","","","","","","","","","","",""
"","","","","","","","","","","","","","","","","","","",""
"","","","","","","","","","","","","","","","","","","",""
"","","","","","","","","","","","","","","","","","","",""
"","","","","","","","","","","","","","","","","","","",""
"","","","","","","","","","","","","","","","","","","",""
"","","","","","","","","","","","","","","","","","","",""
"","","","","","","","","","","","","","","","","","","",""
"","","","","","","","","","","","","","","","","","","",""
"","","","","","","","","","","","","","","","","","","",""
"","","","","","","","","","","","","","","","","","","",""
"","","","","","","","","","","","","","","","","","","",""
"","","","","","","","","","","","","","","","","","","",""
"","","","","","","","","","","","","","","","","","","",""
"","","","","","","","","","","","","","","","","","","",""
"","","","","","","","","","","","","","","","","","","",""
"","","","","","","","","","","","","","","","","","","",""
"","","","","","","","","","","","","","","","","","","",""
"","","","","","","","","","","","","","","","","","","",""
"","","","","","","","","","","","","","","","","","","",""
"","","","","","","","","","","","","","","","","","","",""
"","","","","","","","","","","","","","","","","","","",""
"","","","","","","","","","","","","","","","","","","",""
"","","","","","","","","","","","","","","","","","","",""
"","","","","","","","","","","","","","","","","","","",""
"","","","","","","","","","","","","","","","","","","",""
"","","","","","","","","","","","","","","","","","","",""
"","","","","","","","","","","","","","","","","","","",""
"","","","","","","","","","","","","","","","","","","",""
"","","","","","","","","","","","","","","","","","","",""
"","","","","","","","","","","","","","","","","","","",""
"","","","","","","","","","","","","","","","","","","",""
"","","","","","","","","","","","","","","","","","","",""
"","","","","","","","","","","","","","","","","","","",""
"","","","","","","","","","","","","","","","","","","",""
"","","","","","","","","","","","","","","","","","","",""
"","","","","","","","","","","","","","","","","","","",""
"","","","","","","","","","","","","","","","","","","",""
"","","","","","","","","","","","","","","","","","","",""
"","","","","","","","","","","","","","","","","","","",""
"","","","","","","","","","","","","","","","","","","",""
"","","","","","","","","","","","","","","","","","","",""
"","","","","","","","","","","","","","","","","","","",""
"","","","","","","","","","","","","","","","","","","",""
"","","","","","","","","","","","","","","","","","","",""
"","","","","","","","","","","","","","","","","","","",""
"","","","","","","","","","","","","","","","","","","",""
"","","","","","","","","","","","","","","","","","","",""
"","","","","","","","","","","","","","","","","","","",""
"","","","","","","","","","","","","","","","","","","",""
"","","","","","","","","","","","","","","","","","","",""
"","","","","","","","","","","","","","","","","","","",""
"","","","","","","","","","","","","","","","","","","",""
"","","","","","","","","","","","","","","","","","","",""
"","","","","","","","","","","","","","","","","","","",""
"","","","","","","","","","","","","","","","","","","",""
"","","","","","","","","","","","","","","","","","","",""
"","","","","","","","","","","","","","","","","","","",""
"","","","","","","","","","","","","","","","","","","",""
"","","","","","","","","","","","","","","","","","","",""
"","","","","","","","","","","","","","","","","","","",""
"","","","","","","","","","","","","","","","","","","",""
"","","","","","","","","","","","","","","","","","","",""
"","","","","","","","","","","","","","","","","","","",""
"","","","","","","","","","","","","","","","","","","",""
"","","","","","","","","","","","","","","","","","","",""
"","","","","","","","","","","","","","","","","","","",""
"","","","","","","","","","","","","","","","","","","",""
"","","","","","","","","","","","","","","","","","","",""
"","","","","","","","","","","","","","","","","","","",""
"","","","","","","","","","","","","","","","","","","",""
"","","","","","","","","","","","","","","","","","","",""
"","","","","","","","","","","","","","","","","","","",""
"","","","","","","","","","","","","","","","","","","",""
"","","","","","","","","","","","","","","","","","","",""
"","","","","","","","","","","","","","","","","","","",""
"","","","","","","","","","","","","","","","","","","",""
"","","","","","","","","","","","","","","","","","","",""
"","","","","","","","","","","","","","","","","","","",""
"","","","","","","","","","","","","","","","","","","",""
"","","","","","","","","","","","","","","","","","","",""
"","","","","","","","","","","","","","","","","","","",""
"","","","","","","","","","","","","","","","","","","",""
"","","","","","","","","","","","","","","","","","","",""
"","","","","","","","","","","","","","","","","","","",""
"","","","","","","","","","","","","","","","","","","",""
"","","","","","","","","","","","","","","","","","","",""
"","","","","","","","","","","","","","","","","","","",""
"","","","","","","","","","","","","","","","","","","",""
"","","","","","","","","","","","","","","","","","","",""
"","","","","","","","","","","","","","","","","","","",""
"","","","","","","","","","","","","","","","","","","",""
"","","","","","","","","","","","","","","","","","","",""
"","","","","","","","","","","","","","","","","","","",""
"","","","","","","","","","","","","","","","","","","",""
"","","","","","","","","","","","","","","","","","","",""
"","","","","","","","","","","","","","","","","","","",""
"","","","","","","","","","","","","","","","","","","",""
"","","","","","","","","","","","","","","","","","","",""
"","","","","","","","","","","","","","","","","","","",""
"","","","","","","","","","","","","","","","","","","",""
"","","","","","","","","","","","","","","","","","","",""
"","","","","","","","","","","","","","","","","","","",""
"","","","","","","","","","","","","","","","","","","",""
"","","","","","","","","","","","","","","","","","","",""
"","","","","","","","","","","","","","","","","","","",""
"","","","","","","","","","","","","","","","","","","",""
"","","","","","","","","","","","","","","","","","","",""
"","","","","","","","","","","","","","","","","","","",""
"","","","","","","","","","","","","","","","","","","",""
"","","","","","","","","","","","","","","","","","","",""
"","","","","","","","","","","","","","","","","","","",""
"","","","","","","","","","","","","","","","","","","",""
"","","","","","","","","","","","","","","","","","","",""
"","","","","","","","","","","","","","","","","","","",""
"","","","","","","","","","","","","","","","","","","",""
"","","","","","","","","","","","","","","","","","","",""
"","","","","","","","","","","","","","","","","","","",""
"","","","","","","","","","","","","","","","","","","",""
"","","","","","","","","","","","","","","","","","","",""
"","","","","","","","","","","","","","","","","","","",""
"","","","","","","","","","","","","","","","","","","",""
"","","","","","","","","","","","","","","","","","","",""
"","","","","","","","","","","","","","","","","","","",""
"","","","","","","","","","","","","","","","","","","",""
"","","","","","","","","","","","","","","","","","","",""
"","","","","","","","","","","","","","","","","","","",""
"","","","","","","","","","","","","","","","","","","",""
"","","","","","","","","","","","","","","","","","","",""
"","","","","","","","","","","","","","","","","","","",""
"","","","","","","","","","","","","","","","","","","",""
"","","","","","","","","","","","","","","","","","","",""
"","","","","","","","","","","","","","","","","","","",""
"","","","","","","","","","","","","","","","","","","",""
"","","","","","","","","","","","","","","","","","","",""
"","","","","","","","","","","","","","","","","","","",""
"","","","","","","","","","","","","","","","","","","",""
"","","","","","","","","","","","","","","","","","","",""
"","","","","","","","","","","","","","","","","","","",""
"","","","","","","","","","","","","","","","","","","",""
"","","","","","","","","","","","","","","","","","","",""
"","","","","","","","","","","","","","","","","","","",""
"","","","","","","","","","","","","","","","","","","",""
"","","","","","","","","","","","","","","","","","","",""
"","","","","","","","","","","","","","","","","","","",""
"","","","","","","","","","","","","","","","","","","",""
"","","","","","","","","","","","","","","","","","","",""
"","","","","","","","","","","","","","","","","","","",""
"","","","","","","","","","","","","","","","","","","",""
"","","","","","","","","","","","","","","","","","","",""
"","","","","","","","","","","","","","","","","","","",""
"","","","","","","","","","","","","","","","","","","",""
"","","","","","","","","","","","","","","","","","","",""
"","","","","","","","","","","","","","","","","","","",""
"","","","","","","","","","","","","","","","","","","",""
"","","","","","","","","","","","","","","","","","","",""
"","","","","","","","","","","","","","","","","","","",""
"","","","","","","","","","","","","","","","","","","",""
"","","","","","","","","","","","","","","","","","","",""
"","","","","","","","","","","","","","","","","","","",""
"","","","","","","","","","","","","","","","","","","",""
"","","","","","","","","","","","","","","","","","","",""
"","","","","","","","","","","","","","","","","","","",""
"","","","","","","","","","","","","","","","","","","",""
"","","","","","","","","","","","","","","","","","","",""
"","","","","","","","","","","","","","","","","","","",""
"","","","","","","","","","","","","","","","","","","",""
"","","","","","","","","","","","","","","","","","","",""
"","","","","","","","","","","","","","","","","","","",""
"","","","","","","","","","","","","","","","","","","",""
"","","","","","","","","","","","","","","","","","","",""
"","","","","","","","","","","","","","","","","","","",""
"","","","","","","","","","","","","","","","","","","",""
"","","","","","","","","","","","","","","","","","","",""
"","","","","","","","","","","","","","","","","","","",""
"","","","","","","","","","","","","","","","","","","",""
"","","","","","","","","","","","","","","","","","","",""
"","","","","","","","","","","","","","","","","","","",""
"","","","","","","","","","","","","","","","","","","",""
"","","","","","","","","","","","","","","","","","","",""
"","","","","","","","","","","","","","","","","","","",""
"","","","","","","","","","","","","","","","","","","",""
"","","","","","","","","","","","","","","","","","","",""
"","","","","","","","","","","","","","","","","","","",""
"","","","","","","","","","","","","","","","","","","",""
"","","","","","","","","","","","","","","","","","","",""
"","","","","","","","","","","","","","","","","","","",""
"","","","","","","","","","","","","","","","","","","",""
"","","","","","","","","","","","","","","","","","","",""
"","","","","","","","","","","","","","","","","","","",""
"","","","","","","","","","","","","","","","","","","",""
"","","","","","","","","","","","","","","","","","","",""
"","","","","","","","","","","","","","","","","","","",""
"","","","","","","","","","","","","","","","","","","",""
"","","","","","","","","","","","","","","","","","","",""
"","","","","","","","","","","","","","","","","","","",""
"","","","","","","","","","","","","","","","","","","",""
"","","","","","","","","","","","","","","","","","","",""
"","","","","","","","","","","","","","","","","","","",""
"","","","","","","","","","","","","","","","","","","",""
"","","","","","","","","","","","","","","","","","","",""
"","","","","","","","","","","","","","","","","","","",""
"","","","","","","","","","","","","","","","","","","",""
"","","","","","","","","","","","","","","","","","","",""
"","","","","","","","","","","","","","","","","","","",""
"","","","","","","","","","","","","","","","","","","",""
"","","","","","","","","","","","","","","","","","","",""
"","","","","","","","","","","","","","","","","","","",""
"","","","","","","","","","","","","","","","","","","",""
"","","","","","","","","","","","","","","","","","","",""
"","","","","","","","","","","","","","","","","","","",""
"","","","","","","","","","","","","","","","","","","",""
"","","","","","","","","","","","","","","","","","","",""
"","","","","","","","","","","","","","","","","","","",""
"","","","","","","","","","","","","","","","","","","",""
"","","","","","","","","","","","","","","","","","","",""
"","","","","","","","","","","","","","","","","","","",""
"","","","","","","","","","","","","","","","","","","",""
"","","","","","","","","","","","","","","","","","","",""
"","","","","","","","","","","","","","","","","","","",""
"","","","","","","","","","","","","","","","","","","",""
"","","","","","","","","","","","","","","","","","","",""
"","","","","","","","","","","","","","","","","","","",""
"","","","","","","","","","","","","","","","","","","",""
"","","","","","","","","","","","","","","","","","","",""
"","","","","","","","","","","","","","","","","","","",""
"","","","","","","","","","","","","","","","","","","",""
"","","","","","","","","","","","","","","","","","","",""
"","","","","","","","","","","","","","","","","","","",""
"","","","","","","","","","","","","","","","","","","",""
"","","","","","","","","","","","","","","","","","","",""
"","","","","","","","","","","","","","","","","","","",""
"","","","","","","","","","","","","","","","","","","",""
"","","","","","","","","","","","","","","","","","","",""
"","","","","","","","","","","","","","","","","","","",""
"","","","","","","","","","","","","","","","","","","",""
"","","","","","","","","","","","","","","","","","","",""
"","","","","","","","","","","","","","","","","","","",""
"","","","","","","","","","","","","","","","","","","",""
"","","","","","","","","","","","","","","","","","","",""
"","","","","","","","","","","","","","","","","","","",""
"","","","","","","","","","","","","","","","","","","",""
"","","","","","","","","","","","","","","","","","","",""
"","","","","","","","","","","","","","","","","","","",""
"","","","","","","","","","","","","","","","","","","",""
"","","","","","","","","","","","","","","","","","","",""
"","","","","","","","","","","","","","","","","","","",""
"","","","","","","","","","","","","","","","","","","",""
"","","","","","","","","","","","","","","","","","","",""
"","","","","","","","","","","","","","","","","","","",""
"","","","","","","","","","","","","","","","","","","",""
"","","","","","","","","","","","","","","","","","","",""
"","","","","","","","","","","","","","","","","","","",""
"","","","","","","","","","","","","","","","","","","",""
"","","","","","","","","","","","","","","","","","","",""
"","","","","","","","","","","","","","","","","","","",""
"","","","","","","","","","","","","","","","","","","",""
"","","","","","","","","","","","","","","","","","","",""
"","","","","","","","","","","","","","","","","","","",""
"","","","","","","","","","","","","","","","","","","",""
"","","","","","","","","","","","","","","","","","","",""
"","","","","","","","","","","","","","","","","","","",""
"","","","","","","","","","","","","","","","","","","",""
"","","","","","","","","","","","","","","","","","","",""
"","","","","","","","","","","","","","","","","","","",""
"","","","","","","","","","","","","","","","","","","",""
"","","","","","","","","","","","","","","","","","","",""
"","","","","","","","","","","","","","","","","","","",""
"","","","","","","","","","","","","","","","","","","",""
"","","","","","","","","","","","","","","","","","","",""
"","","","","","","","","","","","","","","","","","","",""
"","","","","","","","","","","","","","","","","","","",""
"","","","","","","","","","","","","","","","","","","",""
"","","","","","","","","","","","","","","","","","","",""
"","","","","","","","","","","","","","","","","","","",""
"","","","","","","","","","","","","","","","","","","",""
"","","","","","","","","","","","","","","","","","","",""
"","","","","","","","","","","","","","","","","","","",""
"","","","","","","","","","","","","","","","","","","",""
"","","","","","","","","","","","","","","","","","","",""
"","","","","","","","","","","","","","","","","","","",""
"","","","","","","","","","","","","","","","","","","",""
"","","","","","","","","","","","","","","","","","","",""
"","","","","","","","","","","","","","","","","","","",""
"","","","","","","","","","","","","","","","","","","",""
"","","","","","","","","","","","","","","","","","","",""
"","","","","","","","","","","","","","","","","","","",""
"","","","","","","","","","","","","","","","","","","",""
"","","","","","","","","","","","","","","","","","","",""
"","","","","","","","","","","","","","","","","","","",""
"","","","","","","","","","","","","","","","","","","",""
"","","","","","","","","","","","","","","","","","","",""
"","","","","","","","","","","","","","","","","","","",""
"","","","","","","","","","","","","","","","","","","",""
"","","","","","","","","","","","","","","","","","","",""
"","","","","","","","","","","","","","","","","","","",""
"","","","","","","","","","","","","","","","","","","",""
"","","","","","","","","","","","","","","","","","","",""
"","","","","","","","","","","","","","","","","","","",""
"","","","","","","","","","","","","","","","","","","",""
"","","","","","","","","","","","","","","","","","","",""
"","","","","","","","","","","","","","","","","","","",""
"","","","","","","","","","","","","","","","","","","",""
"","","","","","","","","","","","","","","","","","","",""
"","","","","","","","","","","","","","","","","","","",""
"","","","","","","","","","","","","","","","","","","",""
"","","","","","","","","","","","","","","","","","","",""
"","","","","","","","","","","","","","","","","","","",""
"","","","","","","","","","","","","","","","","","","",""
"","","","","","","","","","","","","","","","","","","",""
"","","","","","","","","","","","","","","","","","","",""
"","","","","","","","","","","","","","","","","","","",""
"","","","","","","","","","","","","","","","","","","",""
"","","","","","","","","","","","","","","","","","","",""
"","","","","","","","","","","","","","","","","","","",""
"","","","","","","","","","","","","","","","","","","",""
"","","","","","","","","","","","","","","","","","","",""
"","","","","","","","","","","","","","","","","","","",""
"","","","","","","","","","","","","","","","","","","",""
"","","","","","","","","","","","","","","","","","","",""
"","","","","","","","","","","","","","","","","","","",""
"","","","","","","","","","","","","","","","","","","",""
"","","","","","","","","","","","","","","","","","","",""
"","","","","","","","","","","","","","","","","","","",""
"","","","","","","","","","","","","","","","","","","",""
"","","","","","","","","","","","","","","","","","","",""
"","","","","","","","","","","","","","","","","","","",""
"","","","","","","","","","","","","","","","","","","",""
"","","","","","","","","","","","","","","","","","","",""
"","","","","","","","","","","","","","","","","","","",""
"","","","","","","","","","","","","","","","","","","",""
"","","","","","","","","","","","","","","","","","","",""
"","","","","","","","","","","","","","","","","","","",""
"","","","","","","","","","","","","","","","","","","",""
"","","","","","","","","","","","","","","","","","","",""
"","","","","","","","","","","","","","","","","","","",""
"","","","","","","","","","","","","","","","","","","",""
"","","","","","","","","","","","","","","","","","","",""
"","","","","","","","","","","","","","","","","","","",""
"","","","","","","","","","","","","","","","","","","",""
"","","","","","","","","","","","","","","","","","","",""
"","","","","","","","","","","","","","","","","","","",""
"","","","","","","","","","","","","","","","","","","",""
"","","","","","","","","","","","","","","","","","","",""
"","","","","","","","","","","","","","","","","","","",""
"","","","","","","","","","","","","","","","","","","",""
"","","","","","","","","","","","","","","","","","","",""
"","","","","","","","","","","","","","","","","","","",""
"","","","","","","","","","","","","","","","","","","",""
"","","","","","","","","","","","","","","","","","","",""
"","","","","","","","","","","","","","","","","","","",""
"","","","","","","","","","","","","","","","","","","",""
